Date,SiteID,UptimeMinutes,DowntimeMinutes,AvgUtilisationMbps,PeakUtilisationMbps
2025-01-01,S1,1440,0,379.4,735.6
2025-01-01,S2,1440,0,154.8,285.6
2025-01-01,S3,1440,0,99.6,196
2025-01-01,S4,1440,0,52.1,79.1
2025-01-01,S5,1440,0,108.4,200.2
2025-01-01,S6,1238,202,54.1,98.8
2025-01-02,S1,1440,0,256,304.2
2025-01-02,S2,1440,0,162,265.7
2025-01-02,S3,1440,0,130.6,209.9
2025-01-02,S4,1440,0,105.6,150.9
2025-01-02,S5,1440,0,72.8,135.9
2025-01-02,S6,1440,0,46.9,82
2025-01-03,S1,1440,0,426.3,782.9
2025-01-03,S2,1440,0,190.6,357.9
2025-01-03,S3,1440,0,93.9,159.7
2025-01-03,S4,1440,0,89.1,174.3
2025-01-03,S5,1440,0,106,170
2025-01-03,S6,1440,0,38.9,78.7
2025-01-04,S1,1440,0,209,353.8
2025-01-04,S2,1440,0,40,80
2025-01-04,S3,1440,0,36,58.2
2025-01-04,S4,1440,0,66.4,118.1
2025-01-04,S5,1440,0,38.8,60.2
2025-01-04,S6,1355,85,21.1,34
2025-01-05,S1,1440,0,80,115.8
2025-01-05,S2,1440,0,57,103.9
2025-01-05,S3,1440,0,33.1,61.9
2025-01-05,S4,1440,0,19.2,32.6
2025-01-05,S5,1440,0,21,39.3
2025-01-05,S6,1440,0,12,22.4
2025-01-06,S1,1440,0,514,938.1
2025-01-06,S2,1440,0,215.4,391.6
2025-01-06,S3,1440,0,135.5,283.6
2025-01-06,S4,1440,0,96.1,160.5
2025-01-06,S5,1440,0,102.8,177.3
2025-01-06,S6,1440,0,58.2,98.6
2025-01-07,S1,1440,0,323.3,622.6
2025-01-07,S2,1440,0,273.1,459.5
2025-01-07,S3,1440,0,131.7,226.1
2025-01-07,S4,1440,0,80.3,141
2025-01-07,S5,1440,0,67.3,149.4
2025-01-07,S6,1440,0,64.5,125.3
2025-01-08,S1,1440,0,387.8,733.8
2025-01-08,S2,1440,0,150.5,278.2
2025-01-08,S3,1440,0,118.1,204.9
2025-01-08,S4,1440,0,99.9,200
2025-01-08,S5,1440,0,88.3,136.2
2025-01-08,S6,1440,0,49.1,85.6
2025-01-09,S1,1440,0,190.6,350.3
2025-01-09,S2,1440,0,214.4,425.2
2025-01-09,S3,1440,0,105.5,165.9
2025-01-09,S4,1440,0,81.8,116.7
2025-01-09,S5,1440,0,102.4,188.6
2025-01-09,S6,1440,0,48.3,90.7
2025-01-10,S1,1440,0,390.1,665.7
2025-01-10,S2,1440,0,194.4,356.6
2025-01-10,S3,1440,0,95.8,187.2
2025-01-10,S4,1440,0,90.7,161.7
2025-01-10,S5,1440,0,80.2,120.1
2025-01-10,S6,1440,0,58.2,104.2
2025-01-11,S1,1440,0,240.2,514.7
2025-01-11,S2,1440,0,119.5,207.3
2025-01-11,S3,1440,0,25.5,47.1
2025-01-11,S4,1440,0,21,35.3
2025-01-11,S5,1440,0,51.6,89.6
2025-01-11,S6,1440,0,17,31.3
2025-01-12,S1,1440,0,126.4,230.9
2025-01-12,S2,1440,0,150.9,270
2025-01-12,S3,1440,0,53.8,110.1
2025-01-12,S4,1440,0,18.6,29.3
2025-01-12,S5,1440,0,40.3,70.5
2025-01-12,S6,1440,0,12,19.7
2025-01-13,S1,1440,0,356.2,752.2
2025-01-13,S2,1440,0,194.8,393.5
2025-01-13,S3,1440,0,93,176.1
2025-01-13,S4,1440,0,73,134.7
2025-01-13,S5,1440,0,85.9,168.1
2025-01-13,S6,1319,121,54.4,99.8
2025-01-14,S1,1440,0,408.7,828.9
2025-01-14,S2,1440,0,248.7,390.6
2025-01-14,S3,1440,0,104.8,183.3
2025-01-14,S4,1440,0,75.6,149.8
2025-01-14,S5,1440,0,78.2,128.4
2025-01-14,S6,1440,0,62,113.5
2025-01-15,S1,1440,0,284.1,481.2
2025-01-15,S2,1440,0,249.7,429.6
2025-01-15,S3,1440,0,100.2,154.1
2025-01-15,S4,1440,0,79.5,145.7
2025-01-15,S5,1440,0,96.8,151
2025-01-15,S6,1440,0,71.1,120.7
2025-01-16,S1,1440,0,483.5,1000
2025-01-16,S2,1440,0,167.5,312.5
2025-01-16,S3,1440,0,126,176.9
2025-01-16,S4,1440,0,82.3,160.2
2025-01-16,S5,1440,0,88.2,148.6
2025-01-16,S6,1440,0,40.9,68
2025-01-17,S1,1440,0,405.7,733.5
2025-01-17,S2,1440,0,227.3,435.2
2025-01-17,S3,1440,0,144.8,211.9
2025-01-17,S4,1440,0,64.4,122.7
2025-01-17,S5,1440,0,90.6,152.9
2025-01-17,S6,1440,0,68.1,146.8
2025-01-18,S1,1440,0,297.2,677.4
2025-01-18,S2,1440,0,95.5,157
2025-01-18,S3,1440,0,42.8,73.3
2025-01-18,S4,1440,0,33.8,50.7
2025-01-18,S5,1440,0,39.4,69.5
2025-01-18,S6,1396,44,15.2,28.1
2025-01-19,S1,1440,0,234.6,419.2
2025-01-19,S2,1440,0,40,87
2025-01-19,S3,1440,0,24,49.6
2025-01-19,S4,1440,0,56.2,116.2
2025-01-19,S5,1440,0,32.9,64.3
2025-01-19,S6,1440,0,39.2,73.5
2025-01-20,S1,1440,0,352.6,608.2
2025-01-20,S2,1440,0,235.8,418.5
2025-01-20,S3,1440,0,110.5,247.6
2025-01-20,S4,1440,0,81.3,143.8
2025-01-20,S5,1440,0,64.9,104.5
2025-01-20,S6,1440,0,57.3,99.3
2025-01-21,S1,1440,0,483.2,992.6
2025-01-21,S2,1440,0,184.2,344.2
2025-01-21,S3,1440,0,132.6,253.6
2025-01-21,S4,1440,0,95.2,162.5
2025-01-21,S5,1440,0,89.3,152.7
2025-01-21,S6,1440,0,65.3,125.4
2025-01-22,S1,1440,0,306.1,502.7
2025-01-22,S2,1440,0,136.9,221.4
2025-01-22,S3,1440,0,89,165.8
2025-01-22,S4,1440,0,102.5,197.5
2025-01-22,S5,1440,0,55.3,106.1
2025-01-22,S6,1440,0,71.7,135.7
2025-01-23,S1,1440,0,392.4,752.7
2025-01-23,S2,1440,0,155.6,322.8
2025-01-23,S3,1440,0,134.9,251.3
2025-01-23,S4,1440,0,115.6,147.7
2025-01-23,S5,1440,0,72.2,141.3
2025-01-23,S6,1293,147,72,109.1
2025-01-24,S1,1440,0,238.7,391.4
2025-01-24,S2,1440,0,230.4,424.8
2025-01-24,S3,1440,0,84.9,170.1
2025-01-24,S4,1440,0,64.8,110.4
2025-01-24,S5,1440,0,77.8,123.5
2025-01-24,S6,1440,0,42.7,91.3
2025-01-25,S1,1440,0,80,157.7
2025-01-25,S2,1440,0,40,69.3
2025-01-25,S3,1440,0,80.5,138.4
2025-01-25,S4,1440,0,41,69.6
2025-01-25,S5,1440,0,47.8,77.7
2025-01-25,S6,1440,0,18.8,24.4
2025-01-26,S1,1440,0,233,390.8
2025-01-26,S2,1440,0,74.2,120.6
2025-01-26,S3,1440,0,76.3,116.4
2025-01-26,S4,1440,0,41.1,73.3
2025-01-26,S5,1440,0,32.4,61.6
2025-01-26,S6,1440,0,31.7,55.1
2025-01-27,S1,1440,0,342.8,659.4
2025-01-27,S2,1440,0,198.4,362.8
2025-01-27,S3,1440,0,144.4,266.1
2025-01-27,S4,1440,0,87.6,146.1
2025-01-27,S5,1440,0,112.5,220
2025-01-27,S6,1440,0,38.2,67.8
2025-01-28,S1,1440,0,290.4,550.4
2025-01-28,S2,1440,0,163.6,327.3
2025-01-28,S3,1440,0,88.5,181.5
2025-01-28,S4,1440,0,72.9,146.2
2025-01-28,S5,1440,0,112.4,205.2
2025-01-28,S6,1409,31,66.2,135.9
2025-01-29,S1,1440,0,400,681.5
2025-01-29,S2,1440,0,188.9,363.7
2025-01-29,S3,1440,0,105.1,172
2025-01-29,S4,1440,0,93.5,188.8
2025-01-29,S5,1440,0,88.9,171.7
2025-01-29,S6,1440,0,67.8,115.9
2025-01-30,S1,1440,0,323.3,622.7
2025-01-30,S2,1440,0,217.4,327
2025-01-30,S3,1440,0,151.5,253.5
2025-01-30,S4,1440,0,88.3,156.6
2025-01-30,S5,1440,0,51.8,99.2
2025-01-30,S6,1440,0,70.6,150
2025-01-31,S1,1440,0,333.9,604.8
2025-01-31,S2,1440,0,197.4,399.8
2025-01-31,S3,1440,0,103.8,227.7
2025-01-31,S4,1295,145,95.3,198.6
2025-01-31,S5,1440,0,80.9,161.1
2025-01-31,S6,1328,112,60.7,114.3
2025-02-01,S1,1440,0,80,140.7
2025-02-01,S2,1440,0,88.3,132.6
2025-02-01,S3,1440,0,49.2,90.6
2025-02-01,S4,1440,0,31.3,68.1
2025-02-01,S5,1440,0,50.6,97.8
2025-02-01,S6,1440,0,40.2,70.6
2025-02-02,S1,1440,0,163.5,347.7
2025-02-02,S2,1440,0,98.6,188.5
2025-02-02,S3,1440,0,65.3,108.6
2025-02-02,S4,1440,0,56.4,100.6
2025-02-02,S5,1440,0,44.2,85.3
2025-02-02,S6,1440,0,16.9,29
2025-02-03,S1,1440,0,579.2,1000
2025-02-03,S2,1440,0,210.3,364
2025-02-03,S3,1440,0,135,251
2025-02-03,S4,1440,0,88.1,151.2
2025-02-03,S5,1440,0,65.7,106.6
2025-02-03,S6,1440,0,46.1,97.9
2025-02-04,S1,1440,0,366.1,630.1
2025-02-04,S2,1440,0,227.7,403.7
2025-02-04,S3,1440,0,111.2,190.4
2025-02-04,S4,1440,0,81.8,158.5
2025-02-04,S5,1440,0,93.2,154
2025-02-04,S6,1440,0,61.5,115
2025-02-05,S1,1440,0,349.1,691.5
2025-02-05,S2,1440,0,209,305.8
2025-02-05,S3,1440,0,142.7,268
2025-02-05,S4,1440,0,88.6,173.5
2025-02-05,S5,1440,0,78,148
2025-02-05,S6,1440,0,62.9,120
2025-02-06,S1,1440,0,328.8,648.9
2025-02-06,S2,1440,0,191.4,390.7
2025-02-06,S3,1440,0,128.6,232.1
2025-02-06,S4,1440,0,106.2,199.4
2025-02-06,S5,1440,0,115.6,201
2025-02-06,S6,1440,0,50.9,114.2
2025-02-07,S1,1440,0,307.8,517.2
2025-02-07,S2,1440,0,122.6,223.3
2025-02-07,S3,1440,0,89.8,151.1
2025-02-07,S4,1440,0,109.2,199
2025-02-07,S5,1440,0,115,183.5
2025-02-07,S6,1440,0,64.6,108.6
2025-02-08,S1,1440,0,124.6,224.7
2025-02-08,S2,1440,0,102.4,164.5
2025-02-08,S3,1440,0,73.6,144.8
2025-02-08,S4,1440,0,49.2,83.5
2025-02-08,S5,1440,0,29.3,48.7
2025-02-08,S6,1440,0,23.1,55.5
2025-02-09,S1,1440,0,211,346.4
2025-02-09,S2,1440,0,58.3,106.2
2025-02-09,S3,1403,37,74,146.4
2025-02-09,S4,1440,0,38.9,73.2
2025-02-09,S5,1440,0,46.7,80.8
2025-02-09,S6,1440,0,19.8,39.8
2025-02-10,S1,1440,0,566.9,822.8
2025-02-10,S2,1440,0,198.6,324.8
2025-02-10,S3,1440,0,123.1,233.8
2025-02-10,S4,1391,49,72.3,134.6
2025-02-10,S5,1440,0,74.6,95.9
2025-02-10,S6,1440,0,70.6,128.1
2025-02-11,S1,1440,0,320.2,606.1
2025-02-11,S2,1440,0,151.6,265.1
2025-02-11,S3,1440,0,97.9,193.9
2025-02-11,S4,1331,109,73.5,156
2025-02-11,S5,1440,0,94.8,188.7
2025-02-11,S6,1440,0,58.9,105.6
2025-02-12,S1,1440,0,448.2,796.7
2025-02-12,S2,1440,0,223.2,326.8
2025-02-12,S3,1440,0,148.6,226.7
2025-02-12,S4,1440,0,91.7,187.9
2025-02-12,S5,1440,0,87,139.4
2025-02-12,S6,1285,155,75.2,117.2
2025-02-13,S1,1440,0,393.1,722.2
2025-02-13,S2,1440,0,124.5,188.6
2025-02-13,S3,1440,0,141.1,232.8
2025-02-13,S4,1440,0,90.3,168.9
2025-02-13,S5,1440,0,88,183.5
2025-02-13,S6,1440,0,55.5,86.2
2025-02-14,S1,1440,0,433.4,764.6
2025-02-14,S2,1440,0,266.7,480.4
2025-02-14,S3,1440,0,134.2,229
2025-02-14,S4,1440,0,88.9,192.7
2025-02-14,S5,1440,0,76.1,144.6
2025-02-14,S6,1440,0,63.6,95.9
2025-02-15,S1,1440,0,264.1,454.7
2025-02-15,S2,1440,0,118.8,213.7
2025-02-15,S3,1440,0,24,43.5
2025-02-15,S4,1440,0,16,24.8
2025-02-15,S5,1440,0,54.9,109.4
2025-02-15,S6,1440,0,54.9,79.5
2025-02-16,S1,1440,0,125.8,223.1
2025-02-16,S2,1440,0,95.2,169
2025-02-16,S3,1440,0,32.5,40.5
2025-02-16,S4,1440,0,41.7,75.5
2025-02-16,S5,1440,0,39.3,67.5
2025-02-16,S6,1440,0,28.6,51.4
2025-02-17,S1,1440,0,474,837.7
2025-02-17,S2,1440,0,169.5,280.9
2025-02-17,S3,1440,0,154.2,290.8
2025-02-17,S4,1440,0,88.8,142.8
2025-02-17,S5,1440,0,84.8,159.4
2025-02-17,S6,1440,0,65.8,123.2
2025-02-18,S1,1440,0,320.7,595.6
2025-02-18,S2,1440,0,160.5,291
2025-02-18,S3,1440,0,107.1,178.9
2025-02-18,S4,1440,0,94.8,175.4
2025-02-18,S5,1440,0,78.9,111.9
2025-02-18,S6,1440,0,58.7,115
2025-02-19,S1,1440,0,500.4,943.3
2025-02-19,S2,1440,0,229.9,431.1
2025-02-19,S3,1440,0,137.4,240
2025-02-19,S4,1440,0,77.1,148.3
2025-02-19,S5,1440,0,90.9,171.3
2025-02-19,S6,1295,145,41.2,73.9
2025-02-20,S1,1440,0,392.4,535.4
2025-02-20,S2,1440,0,242.2,446.9
2025-02-20,S3,1440,0,135.3,249.1
2025-02-20,S4,1440,0,80.2,130.2
2025-02-20,S5,1440,0,78.3,134.2
2025-02-20,S6,1440,0,58.4,90.6
2025-02-21,S1,1440,0,340.1,676.9
2025-02-21,S2,1440,0,174.4,344.9
2025-02-21,S3,1440,0,156.8,294.7
2025-02-21,S4,1219,221,93.8,170
2025-02-21,S5,1440,0,95.4,165
2025-02-21,S6,1440,0,64.9,116.7
2025-02-22,S1,1440,0,223.3,411.9
2025-02-22,S2,1440,0,80,157.8
2025-02-22,S3,1440,0,84.2,137.4
2025-02-22,S4,1440,0,36.6,65.4
2025-02-22,S5,1440,0,17.6,32.5
2025-02-22,S6,1440,0,24.3,43.6
2025-02-23,S1,1440,0,112.7,235.7
2025-02-23,S2,1440,0,92.3,168.7
2025-02-23,S3,1440,0,36.1,58.5
2025-02-23,S4,1440,0,42.4,86
2025-02-23,S5,1440,0,36.2,63.5
2025-02-23,S6,1440,0,24.8,51.6
2025-02-24,S1,1440,0,423.5,801.6
2025-02-24,S2,1440,0,185.3,355.8
2025-02-24,S3,1440,0,100.1,177.2
2025-02-24,S4,1440,0,88.9,169
2025-02-24,S5,1342,98,75.3,107
2025-02-24,S6,1440,0,57.7,96.8
2025-02-25,S1,1440,0,400.1,733.4
2025-02-25,S2,1440,0,212.6,379
2025-02-25,S3,1440,0,108.8,238.4
2025-02-25,S4,1440,0,106.9,197.6
2025-02-25,S5,1440,0,85.7,151.5
2025-02-25,S6,1440,0,58.4,96.6
2025-02-26,S1,1440,0,391.9,655.2
2025-02-26,S2,1440,0,268.8,500
2025-02-26,S3,1440,0,146,232.9
2025-02-26,S4,1440,0,92.8,153.1
2025-02-26,S5,1440,0,137.7,220
2025-02-26,S6,1440,0,63.5,115.8
2025-02-27,S1,1440,0,306.1,613.9
2025-02-27,S2,1440,0,195.2,329.2
2025-02-27,S3,1440,0,148.2,250.4
2025-02-27,S4,1440,0,48.7,88.7
2025-02-27,S5,1440,0,92.9,138.8
2025-02-27,S6,1440,0,62.3,117
2025-02-28,S1,1440,0,282.7,541.2
2025-02-28,S2,1440,0,203.3,416.5
2025-02-28,S3,1440,0,146.5,236.3
2025-02-28,S4,1440,0,76.1,125.7
2025-02-28,S5,1440,0,81.1,147.5
2025-02-28,S6,1440,0,52.6,108.6
2025-03-01,S1,1440,0,183.4,320.8
2025-03-01,S2,1440,0,80.1,158.6
2025-03-01,S3,1440,0,64.6,110.3
2025-03-01,S4,1440,0,30.2,54.3
2025-03-01,S5,1440,0,42.6,88
2025-03-01,S6,1440,0,37.2,56.4
2025-03-02,S1,1440,0,224.5,397.9
2025-03-02,S2,1440,0,40,70.2
2025-03-02,S3,1440,0,24,42.2
2025-03-02,S4,1440,0,33.4,56.3
2025-03-02,S5,1440,0,45.9,86.9
2025-03-02,S6,1440,0,38,70.4
2025-03-03,S1,1440,0,457.1,657.7
2025-03-03,S2,1440,0,212,412.6
2025-03-03,S3,1440,0,129.2,236.6
2025-03-03,S4,1440,0,90.9,169.6
2025-03-03,S5,1440,0,93.5,169.4
2025-03-03,S6,1145,295,62.4,129.5
2025-03-04,S1,1440,0,406.4,726.1
2025-03-04,S2,1440,0,269.4,500
2025-03-04,S3,1440,0,116.2,172.4
2025-03-04,S4,1440,0,86.2,171.5
2025-03-04,S5,1440,0,96.1,146.7
2025-03-04,S6,1440,0,58.5,108.5
2025-03-05,S1,1440,0,273.1,532.2
2025-03-05,S2,1440,0,222.4,375.5
2025-03-05,S3,1440,0,94.5,208.2
2025-03-05,S4,1440,0,73,162.6
2025-03-05,S5,1440,0,108.6,174
2025-03-05,S6,1440,0,73.1,149.9
2025-03-06,S1,1440,0,405.5,749.1
2025-03-06,S2,1440,0,242.9,484
2025-03-06,S3,1440,0,164.4,204.5
2025-03-06,S4,1440,0,91.3,198.2
2025-03-06,S5,1440,0,89.2,146.9
2025-03-06,S6,1440,0,87,122.9
2025-03-07,S1,1440,0,478.5,701.1
2025-03-07,S2,1440,0,220.4,393.8
2025-03-07,S3,1440,0,122.9,177.2
2025-03-07,S4,1440,0,82.6,152.2
2025-03-07,S5,1440,0,103.3,216.1
2025-03-07,S6,1440,0,62.5,104.6
2025-03-08,S1,1440,0,142.7,206
2025-03-08,S2,1440,0,120.5,254.1
2025-03-08,S3,1440,0,80.6,167.2
2025-03-08,S4,1440,0,16,28.8
2025-03-08,S5,1440,0,26.7,50.3
2025-03-08,S6,1440,0,12,20.6
2025-03-09,S1,1440,0,176.8,332.6
2025-03-09,S2,1440,0,49,85.7
2025-03-09,S3,1440,0,51,101
2025-03-09,S4,1440,0,30.2,49.9
2025-03-09,S5,1440,0,24.8,46.1
2025-03-09,S6,1440,0,46.8,88.2
2025-03-10,S1,1440,0,316.6,651.8
2025-03-10,S2,1440,0,257.3,500
2025-03-10,S3,1440,0,128.5,202.1
2025-03-10,S4,1440,0,77.6,114
2025-03-10,S5,1440,0,97.3,176.5
2025-03-10,S6,1440,0,54,102
2025-03-11,S1,1440,0,474.7,826.1
2025-03-11,S2,1440,0,241.2,414.5
2025-03-11,S3,1440,0,100.6,166
2025-03-11,S4,1440,0,96.6,168.6
2025-03-11,S5,1440,0,68.4,123.9
2025-03-11,S6,1440,0,67.4,112.2
2025-03-12,S1,1440,0,460.6,777.5
2025-03-12,S2,1440,0,279.5,499.6
2025-03-12,S3,1440,0,140.8,286.9
2025-03-12,S4,1440,0,73.6,141.5
2025-03-12,S5,1440,0,126.7,195.7
2025-03-12,S6,1440,0,50.6,96.2
2025-03-13,S1,1440,0,417.9,839.3
2025-03-13,S2,1440,0,208.4,377.7
2025-03-13,S3,1440,0,117.3,229.9
2025-03-13,S4,1440,0,81.1,137.7
2025-03-13,S5,1440,0,67.4,135.9
2025-03-13,S6,1440,0,75.5,150
2025-03-14,S1,1440,0,489.5,1000
2025-03-14,S2,1440,0,250.7,500
2025-03-14,S3,1440,0,107.6,189.1
2025-03-14,S4,1440,0,109.1,200
2025-03-14,S5,1440,0,117.7,178.2
2025-03-14,S6,1440,0,67.8,117.6
2025-03-15,S1,1440,0,182.8,290.9
2025-03-15,S2,1440,0,113.8,187.3
2025-03-15,S3,1440,0,62,85.3
2025-03-15,S4,1440,0,50.1,91.7
2025-03-15,S5,1440,0,46.7,76.5
2025-03-15,S6,1440,0,23,45.5
2025-03-16,S1,1440,0,100.4,202.2
2025-03-16,S2,1440,0,118.4,197.5
2025-03-16,S3,1440,0,38.4,63
2025-03-16,S4,1440,0,36.1,85.3
2025-03-16,S5,1440,0,51,97.9
2025-03-16,S6,1440,0,26.5,49.1
2025-03-17,S1,1440,0,374.2,851.7
2025-03-17,S2,1440,0,204.2,322.4
2025-03-17,S3,1440,0,101.5,189.2
2025-03-17,S4,1440,0,96.7,179
2025-03-17,S5,1440,0,81.8,162.2
2025-03-17,S6,1440,0,75.2,134
2025-03-18,S1,1440,0,543.3,1000
2025-03-18,S2,1440,0,258.3,470.5
2025-03-18,S3,1440,0,139.5,223.5
2025-03-18,S4,1440,0,109,176
2025-03-18,S5,1440,0,91.7,160.7
2025-03-18,S6,1440,0,70.9,123.5
2025-03-19,S1,1440,0,460.2,766.7
2025-03-19,S2,1440,0,222.8,417.7
2025-03-19,S3,1440,0,124,238.7
2025-03-19,S4,1440,0,76.1,115.8
2025-03-19,S5,1440,0,101.7,197
2025-03-19,S6,1440,0,62.1,138.6
2025-03-20,S1,1440,0,417.1,806.9
2025-03-20,S2,1440,0,256.2,500
2025-03-20,S3,1440,0,137.9,215.9
2025-03-20,S4,1440,0,76,141.6
2025-03-20,S5,1440,0,87.7,166.6
2025-03-20,S6,1440,0,66.2,103.6
2025-03-21,S1,1440,0,438.9,1000
2025-03-21,S2,1440,0,210.3,317.6
2025-03-21,S3,1440,0,128.9,271.6
2025-03-21,S4,1440,0,95.1,186.8
2025-03-21,S5,1440,0,116.7,219.1
2025-03-21,S6,1440,0,71.7,119.6
2025-03-22,S1,1440,0,288.9,617.6
2025-03-22,S2,1440,0,124.8,259
2025-03-22,S3,1440,0,43.3,64.5
2025-03-22,S4,1440,0,16,32.4
2025-03-22,S5,1440,0,36.3,50.9
2025-03-22,S6,1440,0,23.2,45
2025-03-23,S1,1440,0,312.5,593.6
2025-03-23,S2,1440,0,105.9,197.3
2025-03-23,S3,1440,0,43.4,76.9
2025-03-23,S4,1440,0,49.8,78
2025-03-23,S5,1440,0,49.1,98
2025-03-23,S6,1440,0,19.8,32.1
2025-03-24,S1,1440,0,350.7,580.1
2025-03-24,S2,1440,0,187,357.2
2025-03-24,S3,1440,0,162.8,300
2025-03-24,S4,1440,0,94.2,165.6
2025-03-24,S5,1440,0,93.4,174.1
2025-03-24,S6,1440,0,83.9,149.5
2025-03-25,S1,1440,0,491.1,917.2
2025-03-25,S2,1440,0,300.3,500
2025-03-25,S3,1440,0,143.7,280.9
2025-03-25,S4,1440,0,83.4,125.5
2025-03-25,S5,1440,0,103.8,164.6
2025-03-25,S6,1440,0,81.8,146.6
2025-03-26,S1,1440,0,421.6,790.9
2025-03-26,S2,1440,0,263,365.8
2025-03-26,S3,1440,0,95.7,167.5
2025-03-26,S4,1440,0,91.8,173.4
2025-03-26,S5,1440,0,90.8,208
2025-03-26,S6,1440,0,50.3,78.3
2025-03-27,S1,1440,0,527.6,1000
2025-03-27,S2,1440,0,163.8,254.6
2025-03-27,S3,1440,0,157,300
2025-03-27,S4,1440,0,89.2,145.5
2025-03-27,S5,1440,0,94,191.4
2025-03-27,S6,1440,0,59.5,109.4
2025-03-28,S1,1440,0,523.2,1000
2025-03-28,S2,1440,0,185.7,395.1
2025-03-28,S3,1440,0,128.8,217
2025-03-28,S4,1440,0,91.7,170.7
2025-03-28,S5,1440,0,92,167.1
2025-03-28,S6,1320,120,49.6,109.8
2025-03-29,S1,1440,0,92,174.7
2025-03-29,S2,1440,0,62.7,121.3
2025-03-29,S3,1440,0,48,85.7
2025-03-29,S4,1440,0,31.6,49.1
2025-03-29,S5,1440,0,30.1,48.3
2025-03-29,S6,1440,0,27.5,46.9
2025-03-30,S1,1440,0,108.5,212.1
2025-03-30,S2,1440,0,111.1,216.7
2025-03-30,S3,1440,0,46.5,96.9
2025-03-30,S4,1440,0,44.4,72.5
2025-03-30,S5,1368,72,25.8,58.8
2025-03-30,S6,1440,0,35.6,54.7
2025-03-31,S1,1440,0,264.3,556.6
2025-03-31,S2,1440,0,223.1,373.1
2025-03-31,S3,1440,0,123.6,230.8
2025-03-31,S4,1440,0,80.9,158.5
2025-03-31,S5,1440,0,94.8,194.9
2025-03-31,S6,1440,0,50.8,99.2
2025-04-01,S1,1440,0,439.5,693.1
2025-04-01,S2,1440,0,220.1,397.5
2025-04-01,S3,1440,0,121.3,205.7
2025-04-01,S4,1440,0,85.1,143.4
2025-04-01,S5,1440,0,83.6,141.1
2025-04-01,S6,1440,0,76.8,150
2025-04-02,S1,1440,0,589.6,939.1
2025-04-02,S2,1440,0,264.3,500
2025-04-02,S3,1440,0,118.8,209.2
2025-04-02,S4,1440,0,105.3,172.2
2025-04-02,S5,1440,0,108.2,220
2025-04-02,S6,1440,0,53.6,94.5
2025-04-03,S1,1440,0,492.1,1000
2025-04-03,S2,1440,0,244.2,413.1
2025-04-03,S3,1440,0,143.2,300
2025-04-03,S4,1440,0,63.1,115.6
2025-04-03,S5,1440,0,112.3,192.8
2025-04-03,S6,1399,41,86.8,128.6
2025-04-04,S1,1440,0,421.5,864.4
2025-04-04,S2,1440,0,165.1,299.1
2025-04-04,S3,1440,0,139,260.9
2025-04-04,S4,1440,0,82.9,127.7
2025-04-04,S5,1440,0,87.9,143.1
2025-04-04,S6,1440,0,59,75
2025-04-05,S1,1440,0,200,411.9
2025-04-05,S2,1440,0,65.5,112
2025-04-05,S3,1440,0,46.2,98.2
2025-04-05,S4,1440,0,16,35.9
2025-04-05,S5,1440,0,50.3,82
2025-04-05,S6,1440,0,49.4,91.7
2025-04-06,S1,1440,0,215.6,432.6
2025-04-06,S2,1440,0,92.2,167.1
2025-04-06,S3,1440,0,48.8,73.4
2025-04-06,S4,1440,0,53.2,108.9
2025-04-06,S5,1440,0,17.6,30.1
2025-04-06,S6,1440,0,25.3,43.1
2025-04-07,S1,1440,0,317.9,481.9
2025-04-07,S2,1440,0,212.9,360.7
2025-04-07,S3,1440,0,128.5,241.7
2025-04-07,S4,1440,0,81.8,143.8
2025-04-07,S5,1440,0,120.5,189.5
2025-04-07,S6,1440,0,74.2,147.1
2025-04-08,S1,1440,0,536.7,972.3
2025-04-08,S2,1440,0,152.5,259.5
2025-04-08,S3,1440,0,134,260.3
2025-04-08,S4,1440,0,100.3,184
2025-04-08,S5,1440,0,111,213.5
2025-04-08,S6,1440,0,52.6,94.5
2025-04-09,S1,1440,0,486.8,1000
2025-04-09,S2,1440,0,206.3,342.2
2025-04-09,S3,1440,0,146.7,251.3
2025-04-09,S4,1299,141,91.9,177.9
2025-04-09,S5,1440,0,82.6,153.7
2025-04-09,S6,1440,0,61.8,105.4
2025-04-10,S1,1440,0,402.5,701.7
2025-04-10,S2,1440,0,270.4,473
2025-04-10,S3,1440,0,131.1,247.2
2025-04-10,S4,1440,0,110.5,200
2025-04-10,S5,1440,0,101.7,182
2025-04-10,S6,1374,66,56.5,123.8
2025-04-11,S1,1440,0,411.8,685
2025-04-11,S2,1440,0,235.3,427.3
2025-04-11,S3,1440,0,133.6,256.9
2025-04-11,S4,1390,50,70.2,132.8
2025-04-11,S5,1411,29,102.7,193
2025-04-11,S6,1440,0,56.4,84.4
2025-04-12,S1,1440,0,227.9,430
2025-04-12,S2,1440,0,79.6,110.7
2025-04-12,S3,1440,0,69.1,129
2025-04-12,S4,1440,0,21.2,39
2025-04-12,S5,1440,0,34.1,54
2025-04-12,S6,1440,0,17.2,36
2025-04-13,S1,1440,0,170.1,261.4
2025-04-13,S2,1440,0,46.4,90.4
2025-04-13,S3,1440,0,92.8,165.8
2025-04-13,S4,1440,0,19,31.5
2025-04-13,S5,1440,0,36.3,69.3
2025-04-13,S6,1440,0,27.7,45.5
2025-04-14,S1,1440,0,445,738.6
2025-04-14,S2,1440,0,180.4,335.4
2025-04-14,S3,1440,0,90.9,160.1
2025-04-14,S4,1440,0,68.1,118.2
2025-04-14,S5,1440,0,98.8,170.1
2025-04-14,S6,1440,0,62.2,102
2025-04-15,S1,1440,0,420.8,780.5
2025-04-15,S2,1440,0,185.3,418.3
2025-04-15,S3,1440,0,121.9,222.4
2025-04-15,S4,1440,0,94.7,161.4
2025-04-15,S5,1440,0,93,174
2025-04-15,S6,1440,0,58.4,124.7
2025-04-16,S1,1440,0,484.6,951.3
2025-04-16,S2,1440,0,203.4,354.1
2025-04-16,S3,1440,0,131,249.8
2025-04-16,S4,1440,0,65.7,108.9
2025-04-16,S5,1440,0,108.9,189.5
2025-04-16,S6,1285,155,81.6,139.1
2025-04-17,S1,1440,0,462.4,763.5
2025-04-17,S2,1440,0,248.1,488.2
2025-04-17,S3,1440,0,143.9,271.6
2025-04-17,S4,1440,0,80.9,144.7
2025-04-17,S5,1430,10,120.8,188.6
2025-04-17,S6,1440,0,82.4,131.1
2025-04-18,S1,1440,0,454.4,656.2
2025-04-18,S2,1440,0,277.2,500
2025-04-18,S3,1440,0,150.4,176.4
2025-04-18,S4,1440,0,99.3,197.5
2025-04-18,S5,1440,0,98.9,220
2025-04-18,S6,1440,0,51.1,114.8
2025-04-19,S1,1440,0,213.9,364.1
2025-04-19,S2,1440,0,40,65.9
2025-04-19,S3,1440,0,37,69.6
2025-04-19,S4,1440,0,16,29.7
2025-04-19,S5,1440,0,41.1,92.6
2025-04-19,S6,1302,138,29.4,43.6
2025-04-20,S1,1440,0,100.1,180.8
2025-04-20,S2,1440,0,89.7,127.4
2025-04-20,S3,1440,0,84.7,184
2025-04-20,S4,1440,0,67.2,122.1
2025-04-20,S5,1440,0,17.6,28.7
2025-04-20,S6,1440,0,33.5,54.1
2025-04-21,S1,1440,0,493,1000
2025-04-21,S2,1440,0,211.2,500
2025-04-21,S3,1440,0,134.5,203.5
2025-04-21,S4,1440,0,96,162
2025-04-21,S5,1440,0,117,181.6
2025-04-21,S6,1440,0,77.3,136.6
2025-04-22,S1,1440,0,362.6,607.6
2025-04-22,S2,1440,0,255.3,468.4
2025-04-22,S3,1440,0,170.6,236.4
2025-04-22,S4,1440,0,97.6,200
2025-04-22,S5,1440,0,110.8,150.1
2025-04-22,S6,1440,0,63.9,133.1
2025-04-23,S1,1440,0,521.1,786
2025-04-23,S2,1440,0,195.6,399.9
2025-04-23,S3,1440,0,123.7,225.6
2025-04-23,S4,1440,0,113.3,200
2025-04-23,S5,1440,0,105.2,192.6
2025-04-23,S6,1440,0,69.6,141.5
2025-04-24,S1,1440,0,391,883.3
2025-04-24,S2,1440,0,171.7,276.9
2025-04-24,S3,1440,0,123.9,200.8
2025-04-24,S4,1440,0,99.1,158.3
2025-04-24,S5,1208,232,103.9,168
2025-04-24,S6,1440,0,54.8,98.3
2025-04-25,S1,1440,0,371.3,653.9
2025-04-25,S2,1440,0,280.6,500
2025-04-25,S3,1440,0,133.2,241.1
2025-04-25,S4,1440,0,93.7,194
2025-04-25,S5,1440,0,88,155.3
2025-04-25,S6,1440,0,55.1,112.2
2025-04-26,S1,1440,0,80,131.5
2025-04-26,S2,1440,0,113.9,231
2025-04-26,S3,1440,0,38.9,67.7
2025-04-26,S4,1440,0,29.6,47.3
2025-04-26,S5,1440,0,56.4,100.5
2025-04-26,S6,1440,0,53.1,93.6
2025-04-27,S1,1440,0,178.9,277.3
2025-04-27,S2,1440,0,137.4,188.2
2025-04-27,S3,1440,0,62.1,118.6
2025-04-27,S4,1440,0,28.8,47
2025-04-27,S5,1440,0,61.3,101.6
2025-04-27,S6,1440,0,36.1,58.9
2025-04-28,S1,1440,0,522.4,764.8
2025-04-28,S2,1440,0,283.7,500
2025-04-28,S3,1440,0,148.9,277.5
2025-04-28,S4,1440,0,93.8,170
2025-04-28,S5,1440,0,122,220
2025-04-28,S6,1440,0,58.6,114.2
2025-04-29,S1,1440,0,529.4,1000
2025-04-29,S2,1440,0,247.8,385.5
2025-04-29,S3,1440,0,161.1,272.4
2025-04-29,S4,1440,0,92.9,182.4
2025-04-29,S5,1254,186,114.3,212.2
2025-04-29,S6,1440,0,60.3,88.1
2025-04-30,S1,1440,0,379.2,632
2025-04-30,S2,1440,0,219.7,288.8
2025-04-30,S3,1440,0,160.9,300
2025-04-30,S4,1440,0,82.6,114.7
2025-04-30,S5,1440,0,119.8,220
2025-04-30,S6,1440,0,64.5,118.3
2025-05-01,S1,1440,0,409.4,856.1
2025-05-01,S2,1440,0,214.1,457.9
2025-05-01,S3,1440,0,166.2,300
2025-05-01,S4,1440,0,79.8,149.6
2025-05-01,S5,1440,0,127.8,220
2025-05-01,S6,1440,0,82.2,135.9
2025-05-02,S1,1440,0,585.8,844
2025-05-02,S2,1440,0,252.1,498.5
2025-05-02,S3,1440,0,140.9,274.9
2025-05-02,S4,1440,0,122.3,198
2025-05-02,S5,1440,0,113.5,177.1
2025-05-02,S6,1440,0,57.1,115.8
2025-05-03,S1,1440,0,194.6,395.5
2025-05-03,S2,1440,0,75.4,146.1
2025-05-03,S3,1440,0,35,60.4
2025-05-03,S4,1339,101,38.7,68.4
2025-05-03,S5,1440,0,64.2,130.8
2025-05-03,S6,1440,0,32.7,53.2
2025-05-04,S1,1440,0,151.6,297.6
2025-05-04,S2,1440,0,126.9,198.8
2025-05-04,S3,1440,0,67.9,106.4
2025-05-04,S4,1440,0,32.8,65.5
2025-05-04,S5,1440,0,27.9,54.6
2025-05-04,S6,1440,0,37.4,70.9
2025-05-05,S1,1440,0,339.7,682.7
2025-05-05,S2,1440,0,176.2,328.8
2025-05-05,S3,1440,0,168.5,300
2025-05-05,S4,1440,0,77.3,124.3
2025-05-05,S5,1440,0,96,208.1
2025-05-05,S6,1280,160,72.4,140.5
2025-05-06,S1,1440,0,566.2,945
2025-05-06,S2,1440,0,255.8,500
2025-05-06,S3,1440,0,75.8,129.3
2025-05-06,S4,1440,0,66.9,135.1
2025-05-06,S5,1440,0,91.8,190.8
2025-05-06,S6,1440,0,74.3,113.7
2025-05-07,S1,1440,0,315.2,649.9
2025-05-07,S2,1440,0,224.1,404.4
2025-05-07,S3,1440,0,144.1,276.2
2025-05-07,S4,1440,0,93.9,149.6
2025-05-07,S5,1440,0,111.2,190
2025-05-07,S6,1440,0,51.2,78.9
2025-05-08,S1,1440,0,523,958.7
2025-05-08,S2,1440,0,240.4,450
2025-05-08,S3,1440,0,185,300
2025-05-08,S4,1440,0,59.5,110.9
2025-05-08,S5,1440,0,118.2,204.7
2025-05-08,S6,1440,0,65.2,126.9
2025-05-09,S1,1440,0,282,579.9
2025-05-09,S2,1440,0,263.5,500
2025-05-09,S3,1385,55,136.5,249.2
2025-05-09,S4,1440,0,43.7,74.6
2025-05-09,S5,1440,0,88.8,160.5
2025-05-09,S6,1440,0,44.1,89.5
2025-05-10,S1,1440,0,180.8,340.4
2025-05-10,S2,1440,0,103.2,169
2025-05-10,S3,1210,230,81.6,124.6
2025-05-10,S4,1440,0,48.4,77.8
2025-05-10,S5,1440,0,31.5,61.5
2025-05-10,S6,1440,0,45.5,88.1
2025-05-11,S1,1440,0,111.1,152.8
2025-05-11,S2,1440,0,40,69.2
2025-05-11,S3,1440,0,46.7,83.1
2025-05-11,S4,1440,0,47.6,89.3
2025-05-11,S5,1440,0,28.9,60.4
2025-05-11,S6,1440,0,37.3,75.1
2025-05-12,S1,1440,0,440,853.4
2025-05-12,S2,1440,0,219.8,448.8
2025-05-12,S3,1440,0,149.8,283.5
2025-05-12,S4,1440,0,102.1,200
2025-05-12,S5,1440,0,109.1,171.5
2025-05-12,S6,1440,0,69.2,129.7
2025-05-13,S1,1440,0,474,1000
2025-05-13,S2,1440,0,270.6,477.5
2025-05-13,S3,1440,0,128.3,200.8
2025-05-13,S4,1440,0,91.8,154.4
2025-05-13,S5,1440,0,114.5,184.4
2025-05-13,S6,1440,0,89.5,150
2025-05-14,S1,1440,0,414,726.2
2025-05-14,S2,1440,0,240.3,442.2
2025-05-14,S3,1440,0,158.3,300
2025-05-14,S4,1440,0,94.9,176.5
2025-05-14,S5,1440,0,124.9,188.5
2025-05-14,S6,1440,0,61.6,115.2
2025-05-15,S1,1440,0,452.9,939.8
2025-05-15,S2,1440,0,288.9,500
2025-05-15,S3,1440,0,132.9,243.5
2025-05-15,S4,1440,0,96.8,156
2025-05-15,S5,1440,0,104.2,215.2
2025-05-15,S6,1440,0,76.1,150
2025-05-16,S1,1440,0,425.9,749.5
2025-05-16,S2,1440,0,202.9,372.4
2025-05-16,S3,1440,0,145.7,209
2025-05-16,S4,1440,0,79.4,157
2025-05-16,S5,1440,0,111.6,193.3
2025-05-16,S6,1440,0,56.7,108.2
2025-05-17,S1,1440,0,111.2,164.4
2025-05-17,S2,1440,0,115.4,230.7
2025-05-17,S3,1369,71,76.2,170.3
2025-05-17,S4,1440,0,36.5,55
2025-05-17,S5,1440,0,22.5,34.8
2025-05-17,S6,1440,0,23.4,43.2
2025-05-18,S1,1440,0,183.7,314.3
2025-05-18,S2,1440,0,40,62
2025-05-18,S3,1440,0,55,112.6
2025-05-18,S4,1440,0,28,47.7
2025-05-18,S5,1440,0,37.9,77.6
2025-05-18,S6,1440,0,16.9,34.3
2025-05-19,S1,1440,0,532.9,1000
2025-05-19,S2,1440,0,242.2,455.3
2025-05-19,S3,1440,0,124.2,300
2025-05-19,S4,1440,0,99.8,178.9
2025-05-19,S5,1440,0,117.1,211.9
2025-05-19,S6,1440,0,43.8,80
2025-05-20,S1,1440,0,528.5,1000
2025-05-20,S2,1440,0,260.9,500
2025-05-20,S3,1440,0,145,281.5
2025-05-20,S4,1440,0,62.2,134.9
2025-05-20,S5,1440,0,101.3,187.5
2025-05-20,S6,1440,0,67,107.7
2025-05-21,S1,1440,0,455.9,886
2025-05-21,S2,1440,0,224.4,382.5
2025-05-21,S3,1440,0,152.7,272.6
2025-05-21,S4,1440,0,101.9,193
2025-05-21,S5,1440,0,110.8,208.5
2025-05-21,S6,1440,0,85.6,148.8
2025-05-22,S1,1440,0,472.5,689.3
2025-05-22,S2,1440,0,244.9,455.2
2025-05-22,S3,1440,0,165,300
2025-05-22,S4,1440,0,90.4,158.4
2025-05-22,S5,1440,0,120.3,215.8
2025-05-22,S6,1440,0,82,125.5
2025-05-23,S1,1440,0,474.9,826.8
2025-05-23,S2,1440,0,241.9,442.8
2025-05-23,S3,1440,0,122,216.9
2025-05-23,S4,1440,0,99.4,171.7
2025-05-23,S5,1440,0,84.1,134.2
2025-05-23,S6,1440,0,75.9,120.7
2025-05-24,S1,1440,0,205.7,372.7
2025-05-24,S2,1440,0,88.9,147.7
2025-05-24,S3,1440,0,24,46.4
2025-05-24,S4,1440,0,33.1,61.3
2025-05-24,S5,1440,0,55.4,104
2025-05-24,S6,1440,0,24.2,47.6
2025-05-25,S1,1440,0,143.7,299.9
2025-05-25,S2,1440,0,65.7,113.4
2025-05-25,S3,1440,0,59,117.5
2025-05-25,S4,1440,0,40.1,60.3
2025-05-25,S5,1440,0,58.9,83.2
2025-05-25,S6,1440,0,22.8,42.3
2025-05-26,S1,1440,0,642.4,1000
2025-05-26,S2,1440,0,201.3,380.1
2025-05-26,S3,1440,0,123.9,210.6
2025-05-26,S4,1440,0,68.9,130.6
2025-05-26,S5,1440,0,67.4,133.9
2025-05-26,S6,1440,0,75.1,150
2025-05-27,S1,1440,0,532.2,1000
2025-05-27,S2,1440,0,259.8,428.2
2025-05-27,S3,1440,0,108.2,225.5
2025-05-27,S4,1440,0,104.9,200
2025-05-27,S5,1440,0,74.5,153.7
2025-05-27,S6,1440,0,62.2,115.4
2025-05-28,S1,1440,0,496.5,1000
2025-05-28,S2,1440,0,212.7,381
2025-05-28,S3,1440,0,135.5,201.3
2025-05-28,S4,1440,0,85.2,154.6
2025-05-28,S5,1364,76,87.8,174.3
2025-05-28,S6,1440,0,77.9,138.6
2025-05-29,S1,1440,0,378.9,593.9
2025-05-29,S2,1440,0,275.4,500
2025-05-29,S3,1440,0,126.1,241.8
2025-05-29,S4,1440,0,67.6,122.7
2025-05-29,S5,1440,0,94.8,128.5
2025-05-29,S6,1440,0,75.3,126.9
2025-05-30,S1,1440,0,498.6,874.6
2025-05-30,S2,1440,0,234.5,403.3
2025-05-30,S3,1440,0,119.4,199.2
2025-05-30,S4,1440,0,104,200
2025-05-30,S5,1440,0,54.5,85.2
2025-05-30,S6,1440,0,87.4,150
2025-05-31,S1,1440,0,80,158.4
2025-05-31,S2,1440,0,79.7,154.3
2025-05-31,S3,1440,0,59.8,94.3
2025-05-31,S4,1440,0,46.7,95.2
2025-05-31,S5,1440,0,34.8,72.1
2025-05-31,S6,1440,0,58.8,80.9
2025-06-01,S1,1440,0,211.8,398.6
2025-06-01,S2,1440,0,94,156.3
2025-06-01,S3,1440,0,70.5,112.8
2025-06-01,S4,1440,0,39.8,81.1
2025-06-01,S5,1440,0,41.9,62
2025-06-01,S6,1303,137,29.2,54.2
2025-06-02,S1,1440,0,419.3,594.7
2025-06-02,S2,1440,0,282.7,467.6
2025-06-02,S3,1440,0,135.8,206.4
2025-06-02,S4,1440,0,90.6,139.9
2025-06-02,S5,1440,0,88.2,157.4
2025-06-02,S6,1440,0,63.7,129.1
2025-06-03,S1,1440,0,439,693.2
2025-06-03,S2,1440,0,284.5,475.6
2025-06-03,S3,1440,0,145.4,244.7
2025-06-03,S4,1440,0,111.6,200
2025-06-03,S5,1440,0,103.2,214
2025-06-03,S6,1440,0,53.4,101.4
2025-06-04,S1,1440,0,438,853.5
2025-06-04,S2,1440,0,225,365.6
2025-06-04,S3,1440,0,105.4,202.8
2025-06-04,S4,1440,0,106,154.8
2025-06-04,S5,1440,0,121.1,189
2025-06-04,S6,1440,0,71.6,141.7
2025-06-05,S1,1440,0,466.2,917.2
2025-06-05,S2,1440,0,199.5,351.8
2025-06-05,S3,1440,0,122.9,238.8
2025-06-05,S4,1440,0,100.9,196.8
2025-06-05,S5,1440,0,112.1,197.3
2025-06-05,S6,1440,0,71.8,136.5
2025-06-06,S1,1440,0,549.3,1000
2025-06-06,S2,1440,0,185.3,331.3
2025-06-06,S3,1440,0,151.2,261.9
2025-06-06,S4,1440,0,110.2,172
2025-06-06,S5,1440,0,104.6,183.9
2025-06-06,S6,1373,67,83.9,150
2025-06-07,S1,1440,0,149,218.2
2025-06-07,S2,1440,0,156.9,304.6
2025-06-07,S3,1440,0,55.3,72.1
2025-06-07,S4,1440,0,24.7,37.7
2025-06-07,S5,1440,0,26.2,53.2
2025-06-07,S6,1440,0,31.5,55.4
2025-06-08,S1,1440,0,155.8,230.3
2025-06-08,S2,1440,0,58.8,102
2025-06-08,S3,1440,0,79.7,127.7
2025-06-08,S4,1440,0,31.2,51.6
2025-06-08,S5,1440,0,31.3,58.3
2025-06-08,S6,1440,0,28.7,51.5
2025-06-09,S1,1440,0,518.5,1000
2025-06-09,S2,1440,0,228.5,425.7
2025-06-09,S3,1320,120,164.8,289.7
2025-06-09,S4,1440,0,102.1,200
2025-06-09,S5,1440,0,90.8,158.5
2025-06-09,S6,1440,0,58.4,110.4
2025-06-10,S1,1440,0,420.3,719.5
2025-06-10,S2,1440,0,207.3,417
2025-06-10,S3,1440,0,112.6,212.6
2025-06-10,S4,1440,0,101.9,200
2025-06-10,S5,1440,0,110,185.1
2025-06-10,S6,1298,142,74.3,110.9
2025-06-11,S1,1440,0,538.4,1000
2025-06-11,S2,1440,0,219.8,433.3
2025-06-11,S3,1440,0,122.1,228.2
2025-06-11,S4,1440,0,145.7,200
2025-06-11,S5,1440,0,106.1,187.8
2025-06-11,S6,1335,105,59.7,108
2025-06-12,S1,1440,0,429.4,771.2
2025-06-12,S2,1440,0,206.5,396.5
2025-06-12,S3,1440,0,124.3,197.2
2025-06-12,S4,1440,0,89,173.2
2025-06-12,S5,1440,0,98.4,196.4
2025-06-12,S6,1440,0,98.1,150
2025-06-13,S1,1440,0,380.2,492.2
2025-06-13,S2,1440,0,254.2,486.2
2025-06-13,S3,1440,0,168.8,277
2025-06-13,S4,1411,29,102.3,162.4
2025-06-13,S5,1440,0,107.9,184.6
2025-06-13,S6,1440,0,68.9,133.7
2025-06-14,S1,1440,0,113,218.4
2025-06-14,S2,1440,0,105,186.1
2025-06-14,S3,1440,0,32.3,65.2
2025-06-14,S4,1440,0,44.6,69.6
2025-06-14,S5,1440,0,42.4,84.1
2025-06-14,S6,1440,0,22.7,40.6
2025-06-15,S1,1440,0,142.6,256.3
2025-06-15,S2,1440,0,71.3,89.9
2025-06-15,S3,1440,0,24,42.4
2025-06-15,S4,1440,0,35.5,65.4
2025-06-15,S5,1440,0,50.6,84.3
2025-06-15,S6,1440,0,19.8,42.3
2025-06-16,S1,1440,0,435.1,890.8
2025-06-16,S2,1440,0,245.1,490.6
2025-06-16,S3,1440,0,144.6,260.9
2025-06-16,S4,1440,0,87.7,183.4
2025-06-16,S5,1440,0,91.3,190.7
2025-06-16,S6,1440,0,62.1,110
2025-06-17,S1,1440,0,459.2,831
2025-06-17,S2,1440,0,230.3,378.8
2025-06-17,S3,1440,0,136,239.1
2025-06-17,S4,1440,0,75.2,116.1
2025-06-17,S5,1440,0,97.1,206.7
2025-06-17,S6,1440,0,58.4,102.2
2025-06-18,S1,1440,0,433.4,810.3
2025-06-18,S2,1440,0,252.5,413.4
2025-06-18,S3,1440,0,81.3,155.9
2025-06-18,S4,1440,0,95.3,186.6
2025-06-18,S5,1440,0,114.2,201.8
2025-06-18,S6,1440,0,74.4,128.2
2025-06-19,S1,1440,0,573.1,905
2025-06-19,S2,1440,0,233.9,476.9
2025-06-19,S3,1440,0,114.2,218.1
2025-06-19,S4,1440,0,85.4,143.5
2025-06-19,S5,1440,0,88.9,161.7
2025-06-19,S6,1440,0,64.4,130.7
2025-06-20,S1,1440,0,454.1,801.1
2025-06-20,S2,1440,0,232.2,486.8
2025-06-20,S3,1440,0,141,274.9
2025-06-20,S4,1440,0,70.4,146.9
2025-06-20,S5,1440,0,122.2,217.9
2025-06-20,S6,1440,0,58.8,102.8
2025-06-21,S1,1440,0,287.1,530.7
2025-06-21,S2,1440,0,106.5,159.6
2025-06-21,S3,1440,0,61.4,121.3
2025-06-21,S4,1440,0,16.6,32.6
2025-06-21,S5,1440,0,69.4,134.5
2025-06-21,S6,1440,0,27.7,41.1
2025-06-22,S1,1440,0,178.3,272.5
2025-06-22,S2,1440,0,87.3,205.2
2025-06-22,S3,1440,0,54.2,90.4
2025-06-22,S4,1440,0,31.3,55.7
2025-06-22,S5,1440,0,43.2,83.9
2025-06-22,S6,1440,0,27.8,57
2025-06-23,S1,1440,0,629.1,1000
2025-06-23,S2,1440,0,226,418.7
2025-06-23,S3,1440,0,149.8,277.2
2025-06-23,S4,1440,0,95.5,180.8
2025-06-23,S5,1440,0,124.9,220
2025-06-23,S6,1440,0,67.8,113.7
2025-06-24,S1,1440,0,570.3,1000
2025-06-24,S2,1440,0,232.3,379.8
2025-06-24,S3,1440,0,163,237.5
2025-06-24,S4,1440,0,93.2,181.9
2025-06-24,S5,1440,0,103.7,156.7
2025-06-24,S6,1440,0,66,109.2
2025-06-25,S1,1440,0,430.8,614.2
2025-06-25,S2,1440,0,276.8,379.4
2025-06-25,S3,1440,0,151.5,299.1
2025-06-25,S4,1440,0,95,170.1
2025-06-25,S5,1440,0,110.3,173.3
2025-06-25,S6,1440,0,73.6,101.3
2025-06-26,S1,1440,0,450.5,837.5
2025-06-26,S2,1440,0,192.3,408.5
2025-06-26,S3,1440,0,108.3,199.6
2025-06-26,S4,1440,0,84.4,151.4
2025-06-26,S5,1440,0,86.9,117.5
2025-06-26,S6,1440,0,79.6,141.5
2025-06-27,S1,1440,0,400.9,809.2
2025-06-27,S2,1440,0,272.9,486
2025-06-27,S3,1440,0,145,234.7
2025-06-27,S4,1440,0,89.7,171
2025-06-27,S5,1440,0,129.8,220
2025-06-27,S6,1440,0,69.1,129.1
2025-06-28,S1,1440,0,80,124
2025-06-28,S2,1440,0,75.6,127.5
2025-06-28,S3,1440,0,95.4,169.9
2025-06-28,S4,1440,0,36.6,63.3
2025-06-28,S5,1440,0,38.1,65.4
2025-06-28,S6,1440,0,29.5,44.2
2025-06-29,S1,1440,0,275.8,486.3
2025-06-29,S2,1440,0,87.9,115.2
2025-06-29,S3,1440,0,83.5,162.1
2025-06-29,S4,1440,0,33.9,58
2025-06-29,S5,1440,0,37.1,55
2025-06-29,S6,1440,0,24.3,37.6
2025-06-30,S1,1440,0,545.7,1000
2025-06-30,S2,1440,0,227.9,361.1
2025-06-30,S3,1440,0,118.7,216.5
2025-06-30,S4,1440,0,79.4,160.8
2025-06-30,S5,1440,0,112.2,198.9
2025-06-30,S6,1440,0,61.9,106.4
2025-07-01,S1,1440,0,422.6,967.4
2025-07-01,S2,1440,0,249.6,469.4
2025-07-01,S3,1440,0,159.3,242.7
2025-07-01,S4,1247,193,83.9,140.7
2025-07-01,S5,1440,0,85.5,173.3
2025-07-01,S6,1440,0,62.2,102.9
2025-07-02,S1,1440,0,383.2,734.9
2025-07-02,S2,1440,0,198.6,369.2
2025-07-02,S3,1440,0,147.5,228.1
2025-07-02,S4,1440,0,93.4,156.3
2025-07-02,S5,1440,0,113.1,218.7
2025-07-02,S6,1440,0,64.7,103.4
2025-07-03,S1,1440,0,518.3,852.2
2025-07-03,S2,1440,0,248.9,376.1
2025-07-03,S3,1440,0,123.6,204.1
2025-07-03,S4,1440,0,70.4,125.8
2025-07-03,S5,1440,0,129.6,220
2025-07-03,S6,1440,0,69.6,123.6
2025-07-04,S1,1440,0,399,830.7
2025-07-04,S2,1440,0,230.4,432.5
2025-07-04,S3,1440,0,153.7,287
2025-07-04,S4,1440,0,93.7,189.8
2025-07-04,S5,1440,0,106.7,181.8
2025-07-04,S6,1169,271,80.2,137.7
2025-07-05,S1,1440,0,171.2,275.7
2025-07-05,S2,1440,0,131.4,194.1
2025-07-05,S3,1352,88,39.9,73.2
2025-07-05,S4,1440,0,36.7,64.5
2025-07-05,S5,1440,0,17.6,30.8
2025-07-05,S6,1440,0,26.9,53.5
2025-07-06,S1,1440,0,264.9,545.9
2025-07-06,S2,1440,0,55.7,109.1
2025-07-06,S3,1440,0,73.6,121.7
2025-07-06,S4,1440,0,51.1,78.1
2025-07-06,S5,1440,0,58.8,97.3
2025-07-06,S6,1417,23,31,63.2
2025-07-07,S1,1440,0,455.2,970.3
2025-07-07,S2,1440,0,214.7,470.9
2025-07-07,S3,1440,0,114.5,217.9
2025-07-07,S4,1440,0,115.1,183.2
2025-07-07,S5,1440,0,106.1,200.8
2025-07-07,S6,1440,0,81.6,125.6
2025-07-08,S1,1440,0,512.1,887
2025-07-08,S2,1440,0,181.1,310.1
2025-07-08,S3,1440,0,176,300
2025-07-08,S4,1440,0,108.9,182.7
2025-07-08,S5,1440,0,75.3,141.9
2025-07-08,S6,1440,0,62.3,109.4
2025-07-09,S1,1440,0,477,948
2025-07-09,S2,1440,0,225.2,426
2025-07-09,S3,1440,0,168,300
2025-07-09,S4,1440,0,100.4,194.3
2025-07-09,S5,1440,0,117,220
2025-07-09,S6,1209,231,74.9,125.1
2025-07-10,S1,1440,0,518.5,806.9
2025-07-10,S2,1440,0,197.9,321.6
2025-07-10,S3,1440,0,140.7,292.2
2025-07-10,S4,1440,0,95.6,166.5
2025-07-10,S5,1440,0,109.7,198.9
2025-07-10,S6,1440,0,61.7,106.2
2025-07-11,S1,1440,0,519.6,806
2025-07-11,S2,1440,0,199.7,332.9
2025-07-11,S3,1440,0,136.7,258.6
2025-07-11,S4,1440,0,72.4,123.2
2025-07-11,S5,1440,0,106.5,214.1
2025-07-11,S6,1440,0,74.4,116
2025-07-12,S1,1440,0,148.8,303.9
2025-07-12,S2,1440,0,42.7,85.9
2025-07-12,S3,1440,0,55.2,105.1
2025-07-12,S4,1440,0,37.7,56.9
2025-07-12,S5,1440,0,63.2,116.8
2025-07-12,S6,1440,0,35.3,68.8
2025-07-13,S1,1440,0,110.5,211.7
2025-07-13,S2,1440,0,63.9,115.7
2025-07-13,S3,1440,0,106.8,154
2025-07-13,S4,1440,0,27.1,38.6
2025-07-13,S5,1440,0,62.3,104.7
2025-07-13,S6,1440,0,19.5,38.5
2025-07-14,S1,1440,0,494.2,754.1
2025-07-14,S2,1440,0,272,416.3
2025-07-14,S3,1440,0,144.4,276.2
2025-07-14,S4,1440,0,96.1,147.5
2025-07-14,S5,1440,0,124,220
2025-07-14,S6,1440,0,72.2,127.2
2025-07-15,S1,1440,0,386.6,672.6
2025-07-15,S2,1440,0,264.9,481.9
2025-07-15,S3,1440,0,166,300
2025-07-15,S4,1440,0,81.3,146
2025-07-15,S5,1440,0,98.6,187.6
2025-07-15,S6,1440,0,76.8,129.6
2025-07-16,S1,1440,0,668.2,1000
2025-07-16,S2,1440,0,215.1,387.5
2025-07-16,S3,1440,0,148.3,240.3
2025-07-16,S4,1440,0,88.1,131.1
2025-07-16,S5,1440,0,107.6,220
2025-07-16,S6,1440,0,66.4,137.8
2025-07-17,S1,1440,0,488.7,808.5
2025-07-17,S2,1440,0,312.4,500
2025-07-17,S3,1440,0,145.4,224.3
2025-07-17,S4,1440,0,90.2,110.8
2025-07-17,S5,1440,0,85,160.6
2025-07-17,S6,1440,0,64.8,127.2
2025-07-18,S1,1440,0,549.9,852.2
2025-07-18,S2,1440,0,253,474
2025-07-18,S3,1440,0,164.3,293.5
2025-07-18,S4,1440,0,108.4,200
2025-07-18,S5,1440,0,123.4,204.1
2025-07-18,S6,1440,0,54.3,98.3
2025-07-19,S1,1440,0,156.9,289
2025-07-19,S2,1440,0,119.6,227.7
2025-07-19,S3,1440,0,65.1,93.5
2025-07-19,S4,1440,0,62.6,129.6
2025-07-19,S5,1440,0,54.2,101.2
2025-07-19,S6,1440,0,19.3,31.1
2025-07-20,S1,1440,0,155.5,224.3
2025-07-20,S2,1440,0,40,77
2025-07-20,S3,1440,0,45.2,69.7
2025-07-20,S4,1440,0,54.5,103.6
2025-07-20,S5,1440,0,57.3,120.4
2025-07-20,S6,1440,0,27.6,54.6
2025-07-21,S1,1440,0,435.9,785.7
2025-07-21,S2,1440,0,265.7,422.5
2025-07-21,S3,1440,0,194.2,291.7
2025-07-21,S4,1440,0,76.8,146.9
2025-07-21,S5,1440,0,120,209.7
2025-07-21,S6,1440,0,61.7,107.4
2025-07-22,S1,1440,0,478.9,962.9
2025-07-22,S2,1440,0,197.2,374.3
2025-07-22,S3,1440,0,149,300
2025-07-22,S4,1440,0,107.8,200
2025-07-22,S5,1440,0,56.9,115.4
2025-07-22,S6,1440,0,56.4,76.9
2025-07-23,S1,1440,0,466.6,935.1
2025-07-23,S2,1440,0,244.8,434.7
2025-07-23,S3,1440,0,125.3,255.1
2025-07-23,S4,1349,91,105.8,161
2025-07-23,S5,1440,0,116.3,196
2025-07-23,S6,1383,57,55,94.6
2025-07-24,S1,1440,0,345.6,578.7
2025-07-24,S2,1440,0,236.2,417
2025-07-24,S3,1440,0,136.7,251
2025-07-24,S4,1440,0,119.8,196.1
2025-07-24,S5,1440,0,99.1,148.4
2025-07-24,S6,1440,0,70.9,148.5
2025-07-25,S1,1440,0,410.8,808.7
2025-07-25,S2,1440,0,304.9,500
2025-07-25,S3,1440,0,112,207.2
2025-07-25,S4,1440,0,100.3,200
2025-07-25,S5,1440,0,84.4,118.3
2025-07-25,S6,1440,0,94.1,150
2025-07-26,S1,1440,0,112.5,198.4
2025-07-26,S2,1440,0,90.3,176.9
2025-07-26,S3,1440,0,56.3,114.2
2025-07-26,S4,1440,0,58.6,89.8
2025-07-26,S5,1440,0,54.8,103.3
2025-07-26,S6,1440,0,49.8,95.9
2025-07-27,S1,1440,0,177,352.5
2025-07-27,S2,1440,0,118.3,203.7
2025-07-27,S3,1440,0,47.9,81.3
2025-07-27,S4,1440,0,48,92.9
2025-07-27,S5,1440,0,54,92.8
2025-07-27,S6,1440,0,12,24.8
2025-07-28,S1,1440,0,632.1,1000
2025-07-28,S2,1440,0,264,500
2025-07-28,S3,1440,0,148,248.3
2025-07-28,S4,1440,0,93.8,186.5
2025-07-28,S5,1440,0,70.5,152
2025-07-28,S6,1440,0,75.5,130.4
2025-07-29,S1,1440,0,428.5,764.4
2025-07-29,S2,1440,0,228,416.9
2025-07-29,S3,1440,0,162.6,300
2025-07-29,S4,1440,0,99.1,174.4
2025-07-29,S5,1440,0,117.4,220
2025-07-29,S6,1344,96,61,96.7
2025-07-30,S1,1440,0,512.3,936.1
2025-07-30,S2,1440,0,268.9,429.8
2025-07-30,S3,1440,0,105.4,191.6
2025-07-30,S4,1440,0,75.7,152.7
2025-07-30,S5,1440,0,103.4,189.5
2025-07-30,S6,1440,0,50.3,80.5
2025-07-31,S1,1440,0,459.1,806.1
2025-07-31,S2,1440,0,254.1,447.5
2025-07-31,S3,1440,0,128.6,216.1
2025-07-31,S4,1440,0,88.5,163.3
2025-07-31,S5,1440,0,87.5,180.3
2025-07-31,S6,1440,0,60.6,114.9
2025-08-01,S1,1440,0,597,1000
2025-08-01,S2,1440,0,223.6,433.8
2025-08-01,S3,1440,0,159.3,300
2025-08-01,S4,1440,0,97.7,144.4
2025-08-01,S5,1440,0,99.4,196.9
2025-08-01,S6,1440,0,87,150
2025-08-02,S1,1440,0,230.8,396
2025-08-02,S2,1440,0,40,73.7
2025-08-02,S3,1440,0,47.6,86.6
2025-08-02,S4,1440,0,42.9,73
2025-08-02,S5,1440,0,25.4,50.8
2025-08-02,S6,1440,0,19,40.1
2025-08-03,S1,1440,0,122.4,279.8
2025-08-03,S2,1440,0,78.6,147.4
2025-08-03,S3,1440,0,58.2,98.3
2025-08-03,S4,1440,0,16.8,36.1
2025-08-03,S5,1440,0,22.2,45.7
2025-08-03,S6,1440,0,35.2,55.8
2025-08-04,S1,1440,0,484.2,865.2
2025-08-04,S2,1440,0,247.5,365.4
2025-08-04,S3,1440,0,149.5,300
2025-08-04,S4,1440,0,94.3,154.1
2025-08-04,S5,1278,162,93.2,124.5
2025-08-04,S6,1440,0,68.9,126.5
2025-08-05,S1,1440,0,483.5,864.9
2025-08-05,S2,1440,0,307.3,500
2025-08-05,S3,1440,0,173.7,300
2025-08-05,S4,1440,0,114.2,186.5
2025-08-05,S5,1440,0,109.7,199.8
2025-08-05,S6,1440,0,64.7,124.1
2025-08-06,S1,1440,0,377.7,705.7
2025-08-06,S2,1440,0,232,392.4
2025-08-06,S3,1440,0,131.1,222.7
2025-08-06,S4,1440,0,85.1,135.6
2025-08-06,S5,1440,0,99.9,188.7
2025-08-06,S6,1440,0,80.5,144.1
2025-08-07,S1,1440,0,492.5,824.4
2025-08-07,S2,1440,0,206.4,323.7
2025-08-07,S3,1440,0,145.1,261.8
2025-08-07,S4,1440,0,104.1,180.6
2025-08-07,S5,1440,0,97.7,149.8
2025-08-07,S6,1440,0,71.3,108.1
2025-08-08,S1,1440,0,550.5,1000
2025-08-08,S2,1440,0,225.3,431.4
2025-08-08,S3,1440,0,106.2,164.2
2025-08-08,S4,1440,0,78.3,110.9
2025-08-08,S5,1440,0,124.6,220
2025-08-08,S6,1440,0,79,131
2025-08-09,S1,1440,0,155.5,262.9
2025-08-09,S2,1440,0,51.3,95.1
2025-08-09,S3,1440,0,51.4,111.4
2025-08-09,S4,1440,0,21.6,46
2025-08-09,S5,1440,0,33.9,50.1
2025-08-09,S6,1440,0,29.6,60.6
2025-08-10,S1,1440,0,190.6,323.5
2025-08-10,S2,1440,0,83.3,123.9
2025-08-10,S3,1440,0,24,40.2
2025-08-10,S4,1440,0,43.8,66.4
2025-08-10,S5,1440,0,61.2,139.2
2025-08-10,S6,1275,165,32.3,59
2025-08-11,S1,1440,0,462.2,794.2
2025-08-11,S2,1440,0,232.5,338.7
2025-08-11,S3,1440,0,189.6,300
2025-08-11,S4,1440,0,62.9,101.5
2025-08-11,S5,1440,0,113,220
2025-08-11,S6,1440,0,58,107.3
2025-08-12,S1,1440,0,550.3,1000
2025-08-12,S2,1440,0,233.1,500
2025-08-12,S3,1440,0,134.9,242.2
2025-08-12,S4,1440,0,92,158.8
2025-08-12,S5,1440,0,102,138.9
2025-08-12,S6,1440,0,76.3,150
2025-08-13,S1,1440,0,419,747.1
2025-08-13,S2,1440,0,281.7,500
2025-08-13,S3,1440,0,133.9,221.7
2025-08-13,S4,1440,0,62.2,121.7
2025-08-13,S5,1440,0,115.9,188.2
2025-08-13,S6,1440,0,64.2,125.3
2025-08-14,S1,1440,0,476.9,762.2
2025-08-14,S2,1440,0,206.4,346.2
2025-08-14,S3,1440,0,162,254.6
2025-08-14,S4,1440,0,108.5,177.7
2025-08-14,S5,1440,0,95.7,185.8
2025-08-14,S6,1440,0,61.3,115.4
2025-08-15,S1,1440,0,489.2,992.2
2025-08-15,S2,1440,0,229.4,448.4
2025-08-15,S3,1440,0,130.3,269.7
2025-08-15,S4,1326,114,87.8,176.3
2025-08-15,S5,1440,0,115.4,197.5
2025-08-15,S6,1440,0,66.5,138.1
2025-08-16,S1,1440,0,230,454.1
2025-08-16,S2,1440,0,55.3,101.6
2025-08-16,S3,1440,0,43.9,63.1
2025-08-16,S4,1440,0,44.5,80.9
2025-08-16,S5,1440,0,18.5,33.8
2025-08-16,S6,1440,0,31.3,59.5
2025-08-17,S1,1440,0,130.9,254.9
2025-08-17,S2,1440,0,80.5,145
2025-08-17,S3,1440,0,55,104.1
2025-08-17,S4,1440,0,35.7,65
2025-08-17,S5,1440,0,52.7,81.5
2025-08-17,S6,1440,0,28.1,45.2
2025-08-18,S1,1440,0,342.5,643.4
2025-08-18,S2,1440,0,279.7,459
2025-08-18,S3,1332,108,146.2,255.6
2025-08-18,S4,1440,0,83,145.5
2025-08-18,S5,1374,66,93.5,184.7
2025-08-18,S6,1440,0,56.1,109
2025-08-19,S1,1440,0,484.5,814.3
2025-08-19,S2,1440,0,209.5,418
2025-08-19,S3,1440,0,117.1,217.1
2025-08-19,S4,1440,0,110.5,200
2025-08-19,S5,1440,0,106.4,202.5
2025-08-19,S6,1440,0,78.9,147.6
2025-08-20,S1,1440,0,566.7,934.3
2025-08-20,S2,1440,0,266.5,462
2025-08-20,S3,1440,0,145.2,228.3
2025-08-20,S4,1440,0,75.5,133.3
2025-08-20,S5,1440,0,106.8,184.9
2025-08-20,S6,1440,0,67.2,132.8
2025-08-21,S1,1440,0,396.6,728.5
2025-08-21,S2,1440,0,241.7,463
2025-08-21,S3,1440,0,179.3,300
2025-08-21,S4,1440,0,111.3,200
2025-08-21,S5,1440,0,108.2,213.6
2025-08-21,S6,1302,138,74.7,144
2025-08-22,S1,1440,0,396.1,618.2
2025-08-22,S2,1440,0,248.7,377
2025-08-22,S3,1440,0,123.4,231.7
2025-08-22,S4,1440,0,116.5,186.9
2025-08-22,S5,1440,0,129.5,216.9
2025-08-22,S6,1440,0,46.9,75.7
2025-08-23,S1,1440,0,146.1,242
2025-08-23,S2,1440,0,103.4,201.6
2025-08-23,S3,1440,0,27.6,60.2
2025-08-23,S4,1440,0,16.9,28.7
2025-08-23,S5,1440,0,42.2,69.1
2025-08-23,S6,1440,0,32,64.9
2025-08-24,S1,1440,0,134.5,260.5
2025-08-24,S2,1440,0,126,252.6
2025-08-24,S3,1440,0,94.1,152.8
2025-08-24,S4,1440,0,22.1,38.3
2025-08-24,S5,1440,0,36.8,70
2025-08-24,S6,1307,133,30.4,52.7
2025-08-25,S1,1440,0,427.6,745.3
2025-08-25,S2,1440,0,281.7,500
2025-08-25,S3,1440,0,125.8,238
2025-08-25,S4,1440,0,108.8,187.6
2025-08-25,S5,1440,0,122.6,220
2025-08-25,S6,1408,32,61.3,100.2
2025-08-26,S1,1440,0,464,867.3
2025-08-26,S2,1440,0,261.1,450.8
2025-08-26,S3,1440,0,131.1,246.8
2025-08-26,S4,1440,0,72,157
2025-08-26,S5,1440,0,111.3,214.8
2025-08-26,S6,1440,0,89.2,150
2025-08-27,S1,1440,0,403.3,930.7
2025-08-27,S2,1440,0,217.6,312.7
2025-08-27,S3,1440,0,138.6,226.9
2025-08-27,S4,1440,0,100.3,187.2
2025-08-27,S5,1440,0,113.9,220
2025-08-27,S6,1440,0,84.8,150
2025-08-28,S1,1440,0,503.6,852.9
2025-08-28,S2,1440,0,242,436.9
2025-08-28,S3,1440,0,124.6,203.8
2025-08-28,S4,1440,0,100.9,179.2
2025-08-28,S5,1440,0,146.4,220
2025-08-28,S6,1440,0,54.6,105.2
2025-08-29,S1,1440,0,555.8,918.3
2025-08-29,S2,1440,0,189.1,265.3
2025-08-29,S3,1440,0,143.2,215.3
2025-08-29,S4,1440,0,75.5,132.3
2025-08-29,S5,1440,0,73.3,155.1
2025-08-29,S6,1440,0,58.3,102.5
2025-08-30,S1,1440,0,141.7,260
2025-08-30,S2,1440,0,87.6,163
2025-08-30,S3,1440,0,50,94.9
2025-08-30,S4,1440,0,16,29.4
2025-08-30,S5,1440,0,17.6,34.1
2025-08-30,S6,1440,0,28.5,52.2
2025-08-31,S1,1440,0,176.4,327.9
2025-08-31,S2,1440,0,128.8,260.2
2025-08-31,S3,1440,0,29.6,57.4
2025-08-31,S4,1440,0,16.2,33.3
2025-08-31,S5,1440,0,45.3,99.6
2025-08-31,S6,1440,0,28.2,45.5
2025-09-01,S1,1440,0,534.6,803.9
2025-09-01,S2,1440,0,222.3,300.7
2025-09-01,S3,1440,0,128.2,215.4
2025-09-01,S4,1440,0,105.6,193.7
2025-09-01,S5,1440,0,103.3,202.3
2025-09-01,S6,1440,0,68.8,127.4
2025-09-02,S1,1440,0,333.6,551.7
2025-09-02,S2,1440,0,189.5,369.1
2025-09-02,S3,1440,0,172.5,256
2025-09-02,S4,1440,0,92.6,160.8
2025-09-02,S5,1440,0,102.6,197.8
2025-09-02,S6,1440,0,67.4,122.7
2025-09-03,S1,1440,0,378.9,766.8
2025-09-03,S2,1440,0,296.9,500
2025-09-03,S3,1440,0,166.4,280
2025-09-03,S4,1440,0,104.8,200
2025-09-03,S5,1440,0,97.2,167.3
2025-09-03,S6,1440,0,66.7,99.6
2025-09-04,S1,1440,0,305,542.8
2025-09-04,S2,1440,0,171.9,343.4
2025-09-04,S3,1440,0,112.5,168.4
2025-09-04,S4,1440,0,85.6,164.9
2025-09-04,S5,1440,0,112.4,220
2025-09-04,S6,1440,0,69.8,150
2025-09-05,S1,1440,0,503.4,1000
2025-09-05,S2,1440,0,243.7,357.5
2025-09-05,S3,1440,0,136.4,278
2025-09-05,S4,1440,0,123.5,200
2025-09-05,S5,1440,0,103.5,187.8
2025-09-05,S6,1440,0,55.6,100.1
2025-09-06,S1,1440,0,210.9,379.4
2025-09-06,S2,1440,0,92.2,184.1
2025-09-06,S3,1440,0,83.6,137.9
2025-09-06,S4,1440,0,63,113.8
2025-09-06,S5,1440,0,48,89.1
2025-09-06,S6,1440,0,38.4,74.6
2025-09-07,S1,1440,0,259.9,428.2
2025-09-07,S2,1440,0,84.7,134.2
2025-09-07,S3,1440,0,47.1,80.7
2025-09-07,S4,1440,0,32.5,62.6
2025-09-07,S5,1440,0,32.3,57.3
2025-09-07,S6,1440,0,31.7,55.2
2025-09-08,S1,1440,0,406.4,721
2025-09-08,S2,1440,0,299.7,500
2025-09-08,S3,1440,0,154.3,300
2025-09-08,S4,1440,0,91.5,161.8
2025-09-08,S5,1440,0,104.8,165.6
2025-09-08,S6,1440,0,77.3,150
2025-09-09,S1,1440,0,507.5,930.3
2025-09-09,S2,1440,0,245.5,498.5
2025-09-09,S3,1440,0,147.6,283.6
2025-09-09,S4,1325,115,113.2,200
2025-09-09,S5,1425,15,116.7,220
2025-09-09,S6,1440,0,78.4,118
2025-09-10,S1,1440,0,544,1000
2025-09-10,S2,1440,0,261.5,500
2025-09-10,S3,1440,0,139.6,273.9
2025-09-10,S4,1440,0,78.5,131.5
2025-09-10,S5,1440,0,108.1,195.5
2025-09-10,S6,1440,0,65.9,113.1
2025-09-11,S1,1440,0,452.9,897.7
2025-09-11,S2,1440,0,235.8,436
2025-09-11,S3,1440,0,149.5,253.8
2025-09-11,S4,1440,0,97.8,173.4
2025-09-11,S5,1440,0,104.7,142.1
2025-09-11,S6,1440,0,52.5,99.8
2025-09-12,S1,1440,0,322,546.1
2025-09-12,S2,1440,0,247.3,476.4
2025-09-12,S3,1440,0,158.4,296.3
2025-09-12,S4,1440,0,84.3,155.9
2025-09-12,S5,1440,0,83.9,144
2025-09-12,S6,1440,0,65.3,120.2
2025-09-13,S1,1440,0,172.2,324.7
2025-09-13,S2,1440,0,100.4,210.7
2025-09-13,S3,1440,0,35.9,57.7
2025-09-13,S4,1319,121,43.2,74.4
2025-09-13,S5,1440,0,35.7,68.6
2025-09-13,S6,1440,0,32.1,53.1
2025-09-14,S1,1440,0,112,182.9
2025-09-14,S2,1440,0,145.9,259.9
2025-09-14,S3,1440,0,58.9,121.7
2025-09-14,S4,1440,0,41.4,72.6
2025-09-14,S5,1440,0,41.7,52
2025-09-14,S6,1440,0,28.8,51
2025-09-15,S1,1440,0,485.3,831.5
2025-09-15,S2,1440,0,213,393
2025-09-15,S3,1440,0,137.7,251.7
2025-09-15,S4,1440,0,87.1,109.3
2025-09-15,S5,1440,0,103,167.2
2025-09-15,S6,1440,0,79.3,139.7
2025-09-16,S1,1440,0,458.2,818.8
2025-09-16,S2,1440,0,171.5,342.3
2025-09-16,S3,1440,0,150.2,279.2
2025-09-16,S4,1440,0,77.8,127.2
2025-09-16,S5,1440,0,112.3,218.6
2025-09-16,S6,1440,0,60.3,103
2025-09-17,S1,1440,0,458.8,881.2
2025-09-17,S2,1440,0,245.7,409.7
2025-09-17,S3,1440,0,144.8,223.1
2025-09-17,S4,1440,0,94.5,161.8
2025-09-17,S5,1440,0,110.4,191
2025-09-17,S6,1440,0,74.7,121.1
2025-09-18,S1,1440,0,509,850.6
2025-09-18,S2,1440,0,265.6,500
2025-09-18,S3,1440,0,144.7,251.2
2025-09-18,S4,1440,0,95.8,158.2
2025-09-18,S5,1440,0,100.7,200.6
2025-09-18,S6,1440,0,70.7,129.2
2025-09-19,S1,1440,0,435.1,726.9
2025-09-19,S2,1440,0,276.4,497.6
2025-09-19,S3,1440,0,160.8,248.8
2025-09-19,S4,1440,0,107.1,161.7
2025-09-19,S5,1440,0,117.6,206.6
2025-09-19,S6,1440,0,71.8,126.4
2025-09-20,S1,1440,0,255.1,471.6
2025-09-20,S2,1440,0,54.4,114.3
2025-09-20,S3,1440,0,32.9,50.4
2025-09-20,S4,1440,0,55,89.2
2025-09-20,S5,1440,0,37.5,59.1
2025-09-20,S6,1440,0,15.4,29.1
2025-09-21,S1,1440,0,161.6,292.4
2025-09-21,S2,1440,0,85.8,128.8
2025-09-21,S3,1394,46,43.8,88.1
2025-09-21,S4,1440,0,26.4,45.3
2025-09-21,S5,1440,0,29,52.7
2025-09-21,S6,1316,124,12,20.6
2025-09-22,S1,1440,0,377.7,637.6
2025-09-22,S2,1440,0,292.6,485.9
2025-09-22,S3,1440,0,124,173.2
2025-09-22,S4,1440,0,108.7,200
2025-09-22,S5,1440,0,87.3,131.8
2025-09-22,S6,1440,0,75.7,138.8
2025-09-23,S1,1440,0,501.7,918.9
2025-09-23,S2,1440,0,244.8,463.9
2025-09-23,S3,1440,0,140.7,234
2025-09-23,S4,1440,0,72.6,118.9
2025-09-23,S5,1440,0,81.4,128.5
2025-09-23,S6,1440,0,81.7,150
2025-09-24,S1,1440,0,437.8,773.8
2025-09-24,S2,1440,0,260.5,315
2025-09-24,S3,1440,0,78.8,139.5
2025-09-24,S4,1440,0,85.8,155.5
2025-09-24,S5,1440,0,110.4,202
2025-09-24,S6,1440,0,72.3,121.1
2025-09-25,S1,1440,0,458.1,833.3
2025-09-25,S2,1440,0,261.6,405.6
2025-09-25,S3,1440,0,124.2,219.9
2025-09-25,S4,1440,0,90.7,154.9
2025-09-25,S5,1440,0,90.7,163.7
2025-09-25,S6,1440,0,62.9,103.8
2025-09-26,S1,1440,0,509.9,1000
2025-09-26,S2,1440,0,233,358
2025-09-26,S3,1440,0,142.5,258.3
2025-09-26,S4,1399,41,73.9,140.5
2025-09-26,S5,1440,0,84.9,145.9
2025-09-26,S6,1440,0,70.8,144.2
2025-09-27,S1,1440,0,148.9,295
2025-09-27,S2,1440,0,60.3,123.8
2025-09-27,S3,1440,0,37.9,62.3
2025-09-27,S4,1440,0,29.1,46
2025-09-27,S5,1440,0,31.9,53.1
2025-09-27,S6,1440,0,29.1,53.5
2025-09-28,S1,1440,0,186.3,441
2025-09-28,S2,1440,0,117.6,242.5
2025-09-28,S3,1440,0,66.4,117.8
2025-09-28,S4,1440,0,25.2,48
2025-09-28,S5,1440,0,37.1,61.5
2025-09-28,S6,1440,0,23.2,34.7
2025-09-29,S1,1440,0,522.3,1000
2025-09-29,S2,1440,0,228.3,396.4
2025-09-29,S3,1440,0,119.1,208.2
2025-09-29,S4,1440,0,110.3,200
2025-09-29,S5,1440,0,102.5,167.5
2025-09-29,S6,1440,0,72.6,128.1
2025-09-30,S1,1440,0,464.9,792
2025-09-30,S2,1440,0,228.5,469.1
2025-09-30,S3,1440,0,159.5,288.8
2025-09-30,S4,1440,0,104.3,155.3
2025-09-30,S5,1440,0,96.9,195.4
2025-09-30,S6,1440,0,75.2,150
2025-10-01,S1,1440,0,467.2,949.4
2025-10-01,S2,1440,0,263.3,500
2025-10-01,S3,1440,0,115.9,205.1
2025-10-01,S4,1440,0,88.4,160.1
2025-10-01,S5,1440,0,107.2,203.7
2025-10-01,S6,1440,0,69.2,124.7
2025-10-02,S1,1440,0,505.3,821.2
2025-10-02,S2,1440,0,202.4,408.6
2025-10-02,S3,1440,0,137.4,212.1
2025-10-02,S4,1440,0,78.2,156.8
2025-10-02,S5,1440,0,97.5,160.8
2025-10-02,S6,1440,0,87.9,126.8
2025-10-03,S1,1440,0,562,1000
2025-10-03,S2,1440,0,203.7,444.5
2025-10-03,S3,1440,0,136.2,242.2
2025-10-03,S4,1440,0,103.8,182.3
2025-10-03,S5,1440,0,125.5,220
2025-10-03,S6,1440,0,73.4,130.6
2025-10-04,S1,1440,0,156.6,292.6
2025-10-04,S2,1440,0,73.5,134
2025-10-04,S3,1440,0,56.8,95.4
2025-10-04,S4,1440,0,43.3,66
2025-10-04,S5,1440,0,59.5,90
2025-10-04,S6,1440,0,53.8,97.5
2025-10-05,S1,1440,0,184.8,379.3
2025-10-05,S2,1440,0,114.7,209.6
2025-10-05,S3,1440,0,66.5,113.5
2025-10-05,S4,1440,0,59.2,121.7
2025-10-05,S5,1440,0,69,141.8
2025-10-05,S6,1440,0,24.7,46.3
2025-10-06,S1,1440,0,528.4,1000
2025-10-06,S2,1440,0,248.8,492.4
2025-10-06,S3,1440,0,140,297.4
2025-10-06,S4,1440,0,105.2,175.2
2025-10-06,S5,1302,138,116.8,215.2
2025-10-06,S6,1440,0,75.8,134.1
2025-10-07,S1,1440,0,563.2,973
2025-10-07,S2,1440,0,218.1,408.7
2025-10-07,S3,1440,0,145.7,270.9
2025-10-07,S4,1440,0,91.2,173.3
2025-10-07,S5,1440,0,102.1,174.7
2025-10-07,S6,1440,0,70.9,134.9
2025-10-08,S1,1440,0,460.1,794.3
2025-10-08,S2,1440,0,201.1,341.8
2025-10-08,S3,1440,0,120.4,192.3
2025-10-08,S4,1440,0,97.1,197.6
2025-10-08,S5,1440,0,116.9,214.3
2025-10-08,S6,1440,0,80.2,124.1
2025-10-09,S1,1440,0,545.4,973.1
2025-10-09,S2,1440,0,240.4,362.4
2025-10-09,S3,1440,0,150.4,284.1
2025-10-09,S4,1417,23,117.6,200
2025-10-09,S5,1440,0,116.8,208.1
2025-10-09,S6,1268,172,68.4,125.9
2025-10-10,S1,1317,123,419.7,829.6
2025-10-10,S2,1440,0,270.8,398.9
2025-10-10,S3,1440,0,151,261.6
2025-10-10,S4,1440,0,85.1,154.2
2025-10-10,S5,1440,0,73.2,122.3
2025-10-10,S6,1440,0,100.1,150
2025-10-11,S1,1440,0,172.5,339.9
2025-10-11,S2,1440,0,112.4,203.9
2025-10-11,S3,1440,0,77.1,148.9
2025-10-11,S4,1440,0,38.3,67.3
2025-10-11,S5,1440,0,44.2,77.2
2025-10-11,S6,1440,0,18,31.5
2025-10-12,S1,1440,0,157.7,282.9
2025-10-12,S2,1440,0,40,78.1
2025-10-12,S3,1440,0,80.7,126.7
2025-10-12,S4,1440,0,56,105.2
2025-10-12,S5,1440,0,52.5,85.4
2025-10-12,S6,1440,0,26.4,42.6
2025-10-13,S1,1440,0,466.7,913
2025-10-13,S2,1440,0,252.9,413.6
2025-10-13,S3,1440,0,116.8,223.4
2025-10-13,S4,1440,0,100.8,173.6
2025-10-13,S5,1440,0,106.5,160.5
2025-10-13,S6,1440,0,68.8,137.6
2025-10-14,S1,1440,0,438.2,739.6
2025-10-14,S2,1440,0,252.3,500
2025-10-14,S3,1440,0,118.4,222.8
2025-10-14,S4,1440,0,74.8,126.8
2025-10-14,S5,1440,0,105.1,176.2
2025-10-14,S6,1440,0,88.9,147.5
2025-10-15,S1,1440,0,512.3,835.5
2025-10-15,S2,1440,0,316.8,500
2025-10-15,S3,1440,0,119.5,196.9
2025-10-15,S4,1440,0,86.9,149.8
2025-10-15,S5,1440,0,106.7,185
2025-10-15,S6,1440,0,98.2,150
2025-10-16,S1,1440,0,541.8,1000
2025-10-16,S2,1440,0,226.6,410.7
2025-10-16,S3,1440,0,121.2,272.7
2025-10-16,S4,1440,0,106.6,178
2025-10-16,S5,1440,0,112.7,196.1
2025-10-16,S6,1440,0,77.5,140.9
2025-10-17,S1,1440,0,566.7,1000
2025-10-17,S2,1440,0,295,435.4
2025-10-17,S3,1440,0,157.7,300
2025-10-17,S4,1440,0,73,142
2025-10-17,S5,1440,0,76.3,123.1
2025-10-17,S6,1440,0,62.5,112.5
2025-10-18,S1,1440,0,176.8,311.9
2025-10-18,S2,1440,0,84.6,186.1
2025-10-18,S3,1440,0,68.3,135.7
2025-10-18,S4,1440,0,35.6,61.5
2025-10-18,S5,1440,0,64.5,93.5
2025-10-18,S6,1440,0,17.1,28.2
2025-10-19,S1,1440,0,180.8,344
2025-10-19,S2,1440,0,65.3,110.6
2025-10-19,S3,1256,184,66.6,109.1
2025-10-19,S4,1440,0,52.5,113.7
2025-10-19,S5,1440,0,66.7,118.2
2025-10-19,S6,1440,0,39.8,66.5
2025-10-20,S1,1336,104,475.3,713.4
2025-10-20,S2,1440,0,230.3,415.7
2025-10-20,S3,1312,128,125.3,204.3
2025-10-20,S4,1440,0,106.3,196.4
2025-10-20,S5,1440,0,71.9,125.5
2025-10-20,S6,1360,80,62.3,104.2
2025-10-21,S1,1440,0,450.2,688.8
2025-10-21,S2,1440,0,183.7,343.7
2025-10-21,S3,1440,0,172.5,300
2025-10-21,S4,1440,0,94.9,159.6
2025-10-21,S5,1440,0,129.1,217.6
2025-10-21,S6,1440,0,58.5,97.7
2025-10-22,S1,1440,0,411,857.3
2025-10-22,S2,1440,0,226.9,462.8
2025-10-22,S3,1440,0,186.4,300
2025-10-22,S4,1440,0,104.1,190.9
2025-10-22,S5,1440,0,106.1,201.9
2025-10-22,S6,1440,0,78.7,146
2025-10-23,S1,1440,0,507.6,947.9
2025-10-23,S2,1440,0,255.4,480.8
2025-10-23,S3,1440,0,144.6,242.1
2025-10-23,S4,1440,0,91.3,181.2
2025-10-23,S5,1440,0,79.2,142.3
2025-10-23,S6,1440,0,87.1,149.9
2025-10-24,S1,1440,0,459.1,746.6
2025-10-24,S2,1440,0,275,491.4
2025-10-24,S3,1440,0,121.5,217.8
2025-10-24,S4,1440,0,78.4,113.6
2025-10-24,S5,1440,0,96.6,180.4
2025-10-24,S6,1440,0,81,119.6
2025-10-25,S1,1440,0,88.6,128.9
2025-10-25,S2,1440,0,82.3,167.9
2025-10-25,S3,1440,0,64.1,101
2025-10-25,S4,1440,0,56.3,91.1
2025-10-25,S5,1440,0,45.5,90.4
2025-10-25,S6,1440,0,43,91.3
2025-10-26,S1,1440,0,164,301.2
2025-10-26,S2,1440,0,113,214.7
2025-10-26,S3,1440,0,67.4,121.7
2025-10-26,S4,1440,0,44.7,89.5
2025-10-26,S5,1440,0,39.5,69.2
2025-10-26,S6,1239,201,35.7,69.9
2025-10-27,S1,1440,0,460.2,872.2
2025-10-27,S2,1440,0,249.4,427.9
2025-10-27,S3,1440,0,127,265.8
2025-10-27,S4,1440,0,86.2,139.7
2025-10-27,S5,1440,0,127.2,220
2025-10-27,S6,1440,0,72.9,134.8
2025-10-28,S1,1440,0,517.6,946.3
2025-10-28,S2,1440,0,235.2,479.2
2025-10-28,S3,1440,0,145,248
2025-10-28,S4,1440,0,108.2,166.6
2025-10-28,S5,1440,0,115.1,220
2025-10-28,S6,1440,0,58.9,114
2025-10-29,S1,1440,0,452.4,926.1
2025-10-29,S2,1440,0,185.3,343.4
2025-10-29,S3,1440,0,135.9,268.1
2025-10-29,S4,1440,0,106.2,200
2025-10-29,S5,1440,0,88.3,133
2025-10-29,S6,1440,0,62.9,107
2025-10-30,S1,1440,0,582,1000
2025-10-30,S2,1440,0,255.3,452.2
2025-10-30,S3,1440,0,130.8,273.6
2025-10-30,S4,1440,0,107.9,200
2025-10-30,S5,1440,0,99.2,210.9
2025-10-30,S6,1440,0,75.6,148.4
2025-10-31,S1,1440,0,491.1,1000
2025-10-31,S2,1339,101,277.4,500
2025-10-31,S3,1440,0,142.6,256.2
2025-10-31,S4,1440,0,101.2,168.1
2025-10-31,S5,1440,0,106.4,191.7
2025-10-31,S6,1440,0,78.4,134.1
2025-11-01,S1,1440,0,359.8,671.8
2025-11-01,S2,1440,0,95,198
2025-11-01,S3,1440,0,99.3,194.8
2025-11-01,S4,1440,0,31.6,52.5
2025-11-01,S5,1440,0,54.3,90.7
2025-11-01,S6,1440,0,31.2,55.8
2025-11-02,S1,1440,0,234.2,357.6
2025-11-02,S2,1440,0,78,134.4
2025-11-02,S3,1440,0,55.2,104.8
2025-11-02,S4,1440,0,31.5,57.9
2025-11-02,S5,1440,0,19.5,23.1
2025-11-02,S6,1440,0,33.9,63.5
2025-11-03,S1,1440,0,627,1000
2025-11-03,S2,1440,0,188.7,280.2
2025-11-03,S3,1440,0,140.6,268.2
2025-11-03,S4,1440,0,121.1,200
2025-11-03,S5,1440,0,115.1,220
2025-11-03,S6,1440,0,63.1,107.9
2025-11-04,S1,1440,0,359.4,622.9
2025-11-04,S2,1440,0,284.4,500
2025-11-04,S3,1440,0,147.3,245.1
2025-11-04,S4,1440,0,117.2,200
2025-11-04,S5,1440,0,119.2,209.4
2025-11-04,S6,1440,0,73.7,134.9
2025-11-05,S1,1440,0,369,734.3
2025-11-05,S2,1440,0,260.8,426.4
2025-11-05,S3,1440,0,143.8,245.1
2025-11-05,S4,1440,0,95,163.2
2025-11-05,S5,1440,0,79.2,149.8
2025-11-05,S6,1440,0,74.9,143.2
2025-11-06,S1,1440,0,615.8,1000
2025-11-06,S2,1440,0,279.9,500
2025-11-06,S3,1440,0,140.3,262.4
2025-11-06,S4,1440,0,113,198.6
2025-11-06,S5,1440,0,129.2,220
2025-11-06,S6,1440,0,75.6,124.2
2025-11-07,S1,1440,0,450.3,758.2
2025-11-07,S2,1440,0,330.3,500
2025-11-07,S3,1440,0,128.1,277.5
2025-11-07,S4,1440,0,92.1,137.6
2025-11-07,S5,1440,0,119.4,220
2025-11-07,S6,1440,0,86.2,134.2
2025-11-08,S1,1440,0,179.8,316.8
2025-11-08,S2,1440,0,70.4,129
2025-11-08,S3,1440,0,55,90.3
2025-11-08,S4,1440,0,60.8,76.7
2025-11-08,S5,1440,0,53,84.5
2025-11-08,S6,1375,65,29.7,72.3
2025-11-09,S1,1440,0,300.4,457.6
2025-11-09,S2,1440,0,86.7,169.7
2025-11-09,S3,1440,0,100.1,187.8
2025-11-09,S4,1440,0,55.8,88.2
2025-11-09,S5,1440,0,37.3,71.7
2025-11-09,S6,1440,0,31.3,48.9
2025-11-10,S1,1440,0,624.8,1000
2025-11-10,S2,1440,0,233.2,384.7
2025-11-10,S3,1440,0,142.5,248.8
2025-11-10,S4,1440,0,120.4,200
2025-11-10,S5,1440,0,130.8,220
2025-11-10,S6,1440,0,94.3,150
2025-11-11,S1,1440,0,529.9,941.7
2025-11-11,S2,1440,0,272.3,500
2025-11-11,S3,1440,0,136.5,281.7
2025-11-11,S4,1440,0,69.5,115.6
2025-11-11,S5,1440,0,103.8,155
2025-11-11,S6,1440,0,84.3,149.3
2025-11-12,S1,1440,0,508.3,966.8
2025-11-12,S2,1440,0,244.7,456.4
2025-11-12,S3,1440,0,120.1,184.3
2025-11-12,S4,1440,0,78.8,105.8
2025-11-12,S5,1440,0,95.9,165.4
2025-11-12,S6,1440,0,59.3,101
2025-11-13,S1,1440,0,580.1,934.3
2025-11-13,S2,1440,0,312.4,500
2025-11-13,S3,1440,0,160.4,279.9
2025-11-13,S4,1440,0,103.2,200
2025-11-13,S5,1440,0,98.7,214.1
2025-11-13,S6,1440,0,65.9,130.1
2025-11-14,S1,1440,0,423.6,766.8
2025-11-14,S2,1440,0,247.5,498.4
2025-11-14,S3,1440,0,108.8,187.8
2025-11-14,S4,1440,0,102.8,174.9
2025-11-14,S5,1440,0,126.2,175.8
2025-11-14,S6,1357,83,66.6,108.7
2025-11-15,S1,1440,0,340.3,604.2
2025-11-15,S2,1440,0,123.3,218.8
2025-11-15,S3,1440,0,39.4,72.5
2025-11-15,S4,1440,0,20.2,35.2
2025-11-15,S5,1440,0,66.6,109.7
2025-11-15,S6,1440,0,34.7,65.9
2025-11-16,S1,1440,0,189.2,318.5
2025-11-16,S2,1440,0,40,62.9
2025-11-16,S3,1440,0,96.5,172.4
2025-11-16,S4,1440,0,57.1,99.8
2025-11-16,S5,1440,0,38.3,64.6
2025-11-16,S6,1440,0,29.1,50.8
2025-11-17,S1,1440,0,725.5,1000
2025-11-17,S2,1440,0,320,500
2025-11-17,S3,1440,0,149.8,252.3
2025-11-17,S4,1440,0,68.9,101.1
2025-11-17,S5,1440,0,119.3,177.5
2025-11-17,S6,1440,0,80.1,131.9
2025-11-18,S1,1440,0,375,711.8
2025-11-18,S2,1440,0,225.4,414.7
2025-11-18,S3,1440,0,142.7,203.8
2025-11-18,S4,1440,0,79.9,150.4
2025-11-18,S5,1440,0,99.6,172.8
2025-11-18,S6,1440,0,78.2,129.5
2025-11-19,S1,1440,0,564.3,982.4
2025-11-19,S2,1440,0,271.4,424.7
2025-11-19,S3,1440,0,140.2,266.6
2025-11-19,S4,1440,0,101.9,190.4
2025-11-19,S5,1440,0,97.9,161.3
2025-11-19,S6,1406,34,88.1,150
2025-11-20,S1,1440,0,549.4,990.5
2025-11-20,S2,1440,0,190.4,374.7
2025-11-20,S3,1440,0,161.1,300
2025-11-20,S4,1440,0,108.1,199.1
2025-11-20,S5,1440,0,116.3,220
2025-11-20,S6,1440,0,77.4,135.6
2025-11-21,S1,1440,0,441.1,810.3
2025-11-21,S2,1440,0,270.4,461.9
2025-11-21,S3,1440,0,127.4,272.6
2025-11-21,S4,1440,0,122,200
2025-11-21,S5,1440,0,111.9,197.9
2025-11-21,S6,1440,0,75.2,150
2025-11-22,S1,1440,0,158.3,289
2025-11-22,S2,1440,0,41.8,59.3
2025-11-22,S3,1440,0,24,41.7
2025-11-22,S4,1429,11,19.1,31.2
2025-11-22,S5,1440,0,68.1,137.6
2025-11-22,S6,1440,0,38.4,79.8
2025-11-23,S1,1440,0,215.4,451.7
2025-11-23,S2,1440,0,139.2,229.7
2025-11-23,S3,1440,0,26.3,45.3
2025-11-23,S4,1440,0,48.8,86.1
2025-11-23,S5,1440,0,30.3,58.5
2025-11-23,S6,1440,0,12,25.5
2025-11-24,S1,1440,0,454.7,862.4
2025-11-24,S2,1440,0,291.7,438.6
2025-11-24,S3,1440,0,152.2,284.3
2025-11-24,S4,1440,0,103.2,194
2025-11-24,S5,1440,0,95.3,165
2025-11-24,S6,1440,0,65.3,103.7
2025-11-25,S1,1440,0,523.5,834.4
2025-11-25,S2,1440,0,276.2,500
2025-11-25,S3,1440,0,117.9,207.6
2025-11-25,S4,1440,0,125,196.3
2025-11-25,S5,1440,0,114.3,220
2025-11-25,S6,1440,0,75.4,130.7
2025-11-26,S1,1440,0,580.3,933.1
2025-11-26,S2,1440,0,287,500
2025-11-26,S3,1440,0,158.4,300
2025-11-26,S4,1440,0,105.4,200
2025-11-26,S5,1440,0,127.1,170
2025-11-26,S6,1438,2,79,126
2025-11-27,S1,1440,0,565,1000
2025-11-27,S2,1440,0,307.8,500
2025-11-27,S3,1440,0,151.5,245.2
2025-11-27,S4,1440,0,104.5,161.5
2025-11-27,S5,1440,0,109.2,198
2025-11-27,S6,1440,0,85.1,138.6
2025-11-28,S1,1440,0,494.1,951.9
2025-11-28,S2,1440,0,276.2,459.9
2025-11-28,S3,1440,0,133.5,209.2
2025-11-28,S4,1440,0,76.3,154.8
2025-11-28,S5,1440,0,128.1,220
2025-11-28,S6,1440,0,73.5,115.4
2025-11-29,S1,1440,0,276.2,450.1
2025-11-29,S2,1440,0,96.4,186.5
2025-11-29,S3,1440,0,46.4,78.7
2025-11-29,S4,1440,0,45.3,76
2025-11-29,S5,1440,0,63,82.6
2025-11-29,S6,1440,0,21.8,36.8
2025-11-30,S1,1440,0,182.3,381
2025-11-30,S2,1440,0,117,217.5
2025-11-30,S3,1440,0,45.7,70.8
2025-11-30,S4,1440,0,39.6,72.3
2025-11-30,S5,1286,154,41.8,64
2025-11-30,S6,1330,110,34.6,61
2025-12-01,S1,1440,0,426.2,784.2
2025-12-01,S2,1440,0,299.8,463.1
2025-12-01,S3,1440,0,162.5,297.8
2025-12-01,S4,1440,0,87.1,159.4
2025-12-01,S5,1440,0,105.9,182.2
2025-12-01,S6,1440,0,89.6,150
2025-12-02,S1,1440,0,559,1000
2025-12-02,S2,1440,0,257.1,484.5
2025-12-02,S3,1440,0,174.5,300
2025-12-02,S4,1440,0,110.1,194.7
2025-12-02,S5,1440,0,102.8,182
2025-12-02,S6,1440,0,70.3,125.1
2025-12-03,S1,1401,39,443.3,669.2
2025-12-03,S2,1440,0,294.1,500
2025-12-03,S3,1440,0,163.6,300
2025-12-03,S4,1440,0,114.9,200
2025-12-03,S5,1440,0,130,211.6
2025-12-03,S6,1440,0,78,104.7
2025-12-04,S1,1440,0,490.2,945.5
2025-12-04,S2,1440,0,207.4,270.5
2025-12-04,S3,1440,0,133.3,265.4
2025-12-04,S4,1440,0,101.5,191.1
2025-12-04,S5,1440,0,109.6,207
2025-12-04,S6,1440,0,79.5,144.9
2025-12-05,S1,1440,0,497.7,962.6
2025-12-05,S2,1440,0,217.3,332
2025-12-05,S3,1440,0,166,297.9
2025-12-05,S4,1440,0,93.3,171.2
2025-12-05,S5,1440,0,125.9,218.8
2025-12-05,S6,1440,0,67.9,114.1
2025-12-06,S1,1440,0,253.7,441.2
2025-12-06,S2,1440,0,84.4,136.2
2025-12-06,S3,1440,0,53.5,83.2
2025-12-06,S4,1440,0,22.4,40.5
2025-12-06,S5,1440,0,26.5,51
2025-12-06,S6,1167,273,42.9,73.3
2025-12-07,S1,1440,0,218.3,275.3
2025-12-07,S2,1440,0,115.2,225.3
2025-12-07,S3,1440,0,41.1,70.4
2025-12-07,S4,1440,0,42.9,81.9
2025-12-07,S5,1440,0,17.6,29.7
2025-12-07,S6,1440,0,25.3,38.7
2025-12-08,S1,1309,131,486.9,960.9
2025-12-08,S2,1440,0,290.3,500
2025-12-08,S3,1440,0,185.1,300
2025-12-08,S4,1440,0,123.5,183.6
2025-12-08,S5,1440,0,122.9,220
2025-12-08,S6,1440,0,69.5,133.6
2025-12-09,S1,1440,0,529.3,940.2
2025-12-09,S2,1440,0,233.8,454.2
2025-12-09,S3,1440,0,135.7,210.4
2025-12-09,S4,1440,0,94.2,174.9
2025-12-09,S5,1440,0,129.6,220
2025-12-09,S6,1440,0,65.2,132.4
2025-12-10,S1,1440,0,510.5,1000
2025-12-10,S2,1440,0,228.5,373.9
2025-12-10,S3,1440,0,166.2,300
2025-12-10,S4,1440,0,81.7,143
2025-12-10,S5,1440,0,125.7,215.2
2025-12-10,S6,1440,0,87.5,109.1
2025-12-11,S1,1440,0,463.1,741.5
2025-12-11,S2,1440,0,323.5,500
2025-12-11,S3,1440,0,165.2,257.9
2025-12-11,S4,1440,0,103,200
2025-12-11,S5,1440,0,122.8,220
2025-12-11,S6,1440,0,78.4,146.6
2025-12-12,S1,1440,0,535.6,862.3
2025-12-12,S2,1440,0,253.8,435.3
2025-12-12,S3,1440,0,112.3,225.7
2025-12-12,S4,1440,0,72.2,127.8
2025-12-12,S5,1440,0,117.9,220
2025-12-12,S6,1367,73,75.5,131.9
2025-12-13,S1,1440,0,160.4,277.3
2025-12-13,S2,1440,0,118.6,202.7
2025-12-13,S3,1440,0,24,36
2025-12-13,S4,1440,0,34.4,71.6
2025-12-13,S5,1419,21,42.5,72.8
2025-12-13,S6,1440,0,38,59.5
2025-12-14,S1,1440,0,310,559.4
2025-12-14,S2,1440,0,155.3,271.2
2025-12-14,S3,1440,0,68.8,115.3
2025-12-14,S4,1440,0,51.8,99.3
2025-12-14,S5,1440,0,17.6,34
2025-12-14,S6,1440,0,15.6,25.3
2025-12-15,S1,1440,0,462.5,881.2
2025-12-15,S2,1440,0,236.7,418
2025-12-15,S3,1440,0,158.8,250
2025-12-15,S4,1440,0,112.9,200
2025-12-15,S5,1440,0,128,220
2025-12-15,S6,1440,0,90.5,150
2025-12-16,S1,1440,0,481.8,931.1
2025-12-16,S2,1440,0,269.4,500
2025-12-16,S3,1440,0,181.6,300
2025-12-16,S4,1440,0,90.1,153.9
2025-12-16,S5,1440,0,99.5,169.9
2025-12-16,S6,1440,0,76.1,150
2025-12-17,S1,1440,0,447.1,799.8
2025-12-17,S2,1440,0,264.7,482.6
2025-12-17,S3,1440,0,162.2,300
2025-12-17,S4,1440,0,105,200
2025-12-17,S5,1440,0,146.3,220
2025-12-17,S6,1440,0,76.1,150
2025-12-18,S1,1440,0,509.5,812.1
2025-12-18,S2,1440,0,241.4,410.6
2025-12-18,S3,1440,0,181,300
2025-12-18,S4,1440,0,128,152.4
2025-12-18,S5,1440,0,114.8,183.7
2025-12-18,S6,1440,0,63.3,93.8
2025-12-19,S1,1440,0,464.4,946
2025-12-19,S2,1440,0,206.9,277.4
2025-12-19,S3,1440,0,137.2,239.7
2025-12-19,S4,1440,0,119.8,200
2025-12-19,S5,1440,0,104.4,204
2025-12-19,S6,1440,0,73.4,120.6
2025-12-20,S1,1440,0,211.1,478.8
2025-12-20,S2,1440,0,130.9,247.8
2025-12-20,S3,1440,0,57.9,113.7
2025-12-20,S4,1440,0,67.8,97.8
2025-12-20,S5,1440,0,17.6,35.2
2025-12-20,S6,1440,0,12,23.2
2025-12-21,S1,1440,0,267.9,435.7
2025-12-21,S2,1440,0,63.7,119.4
2025-12-21,S3,1440,0,55.2,107.1
2025-12-21,S4,1440,0,40.2,92.1
2025-12-21,S5,1440,0,43.7,72.7
2025-12-21,S6,1325,115,17.8,24.6
2025-12-22,S1,1440,0,423.5,865.4
2025-12-22,S2,1440,0,247.8,456.6
2025-12-22,S3,1440,0,164.6,300
2025-12-22,S4,1440,0,114.4,200
2025-12-22,S5,1440,0,109.1,215
2025-12-22,S6,1440,0,73,116.5
2025-12-23,S1,1440,0,451.7,883.1
2025-12-23,S2,1440,0,282.4,425.3
2025-12-23,S3,1440,0,164.6,297.6
2025-12-23,S4,1440,0,93,184.4
2025-12-23,S5,1440,0,91.7,184.5
2025-12-23,S6,1408,32,80.2,115.9
2025-12-24,S1,1440,0,554.4,1000
2025-12-24,S2,1440,0,266.8,483
2025-12-24,S3,1440,0,199.9,300
2025-12-24,S4,1440,0,91.6,165.2
2025-12-24,S5,1440,0,118.7,220
2025-12-24,S6,1440,0,91.3,150
2025-12-25,S1,1440,0,619.1,1000
2025-12-25,S2,1440,0,275.1,500
2025-12-25,S3,1440,0,174.1,300
2025-12-25,S4,1440,0,112.9,193.8
2025-12-25,S5,1440,0,96.6,152.8
2025-12-25,S6,1440,0,72.4,150
2025-12-26,S1,1440,0,566.2,1000
2025-12-26,S2,1440,0,345,500
2025-12-26,S3,1440,0,152.4,298.6
2025-12-26,S4,1440,0,75.3,146.7
2025-12-26,S5,1440,0,112.3,209.3
2025-12-26,S6,1440,0,64.5,112.7
2025-12-27,S1,1440,0,261.7,429.7
2025-12-27,S2,1440,0,89.6,165.3
2025-12-27,S3,1440,0,80,162.5
2025-12-27,S4,1440,0,48,78.7
2025-12-27,S5,1440,0,17.6,30.8
2025-12-27,S6,1440,0,36,55.4
2025-12-28,S1,1440,0,212.6,476.7
2025-12-28,S2,1440,0,87.7,180.4
2025-12-28,S3,1440,0,37.4,85.6
2025-12-28,S4,1440,0,44,85.5
2025-12-28,S5,1440,0,25.3,44.3
2025-12-28,S6,1440,0,19.6,38.8
2025-12-29,S1,1440,0,487.7,971
2025-12-29,S2,1440,0,255.3,388.4
2025-12-29,S3,1440,0,166.3,300
2025-12-29,S4,1440,0,109.3,173.7
2025-12-29,S5,1440,0,122.9,185.7
2025-12-29,S6,1440,0,68,99.2
2025-12-30,S1,1440,0,445.9,687.4
2025-12-30,S2,1440,0,238.9,352.7
2025-12-30,S3,1440,0,130,209.1
2025-12-30,S4,1440,0,105.2,199.6
2025-12-30,S5,1440,0,107.7,211.2
2025-12-30,S6,1440,0,65.4,114.8
2025-12-31,S1,1440,0,581.1,1000
2025-12-31,S2,1440,0,297.9,500
2025-12-31,S3,1440,0,116.5,211
2025-12-31,S4,1440,0,100,187.8
2025-12-31,S5,1440,0,127.6,220
2025-12-31,S6,1440,0,81.4,150
